Wavelength (micron), Reflectance
3.4999999e-001,-1.2300000e+034
3.5100001e-001,-1.2300000e+034
3.5200000e-001,-1.2300000e+034
3.5299999e-001,-1.2300000e+034
3.5400000e-001,-1.2300000e+034
3.5499999e-001,-1.2300000e+034
3.5600001e-001,-1.2300000e+034
3.5699999e-001,-1.2300000e+034
3.5800001e-001,-1.2300000e+034
3.5900000e-001,-1.2300000e+034
3.6000001e-001,-1.2300000e+034
3.6100000e-001,-1.2300000e+034
3.6199999e-001,-1.2300000e+034
3.6300001e-001,-1.2300000e+034
3.6399999e-001,-1.2300000e+034
3.6500001e-001,-1.2300000e+034
3.6600000e-001,-1.2300000e+034
3.6700001e-001,-1.2300000e+034
3.6800000e-001,-1.2300000e+034
3.6899999e-001,-1.2300000e+034
3.7000000e-001,-1.2300000e+034
3.7099999e-001,-1.2300000e+034
3.7200001e-001,-1.2300000e+034
3.7300000e-001,-1.2300000e+034
3.7400001e-001,-1.2300000e+034
3.7500000e-001,-1.2300000e+034
3.7599999e-001,-1.2300000e+034
3.7700000e-001,-1.2300000e+034
3.7799999e-001,-1.2300000e+034
3.7900001e-001,-1.2300000e+034
3.8000000e-001,-1.2300000e+034
3.8100001e-001,-1.2300000e+034
3.8200000e-001,-1.2300000e+034
3.8299999e-001,-1.2300000e+034
3.8400000e-001,-1.2300000e+034
3.8499999e-001,-1.2300000e+034
3.8600001e-001,-1.2300000e+034
3.8699999e-001,-1.2300000e+034
3.8800001e-001,-1.2300000e+034
3.8900000e-001,-1.2300000e+034
3.8999999e-001,-1.2300000e+034
3.9100000e-001,-1.2300000e+034
3.9199999e-001,-1.2300000e+034
3.9300001e-001,-1.2300000e+034
3.9399999e-001,-1.2300000e+034
3.9500001e-001,-1.2300000e+034
3.9600000e-001,-1.2300000e+034
3.9700001e-001,-1.2300000e+034
3.9800000e-001,-1.2300000e+034
3.9899999e-001,-1.2300000e+034
4.0000001e-001,-1.2300000e+034
4.0099999e-001,-1.2300000e+034
4.0200001e-001,-1.2300000e+034
4.0300000e-001,-1.2300000e+034
4.0400001e-001,-1.2300000e+034
4.0500000e-001,-1.2300000e+034
4.0599999e-001,-1.2300000e+034
4.0700001e-001,-1.2300000e+034
4.0799999e-001,-1.2300000e+034
4.0900001e-001,-1.2300000e+034
4.1000000e-001,-1.2300000e+034
4.1100001e-001,-1.2300000e+034
4.1200000e-001,-1.2300000e+034
4.1299999e-001,-1.2300000e+034
4.1400000e-001, 4.9495924e-002
4.1499999e-001, 4.9496889e-002
4.1600001e-001, 4.9498048e-002
4.1700000e-001, 4.9499325e-002
4.1800001e-001, 4.9500760e-002
4.1900000e-001, 4.9502268e-002
4.1999999e-001, 4.9503960e-002
4.2100000e-001, 4.9864314e-002
4.2199999e-001, 5.0232917e-002
4.2300001e-001, 5.0617758e-002
4.2399999e-001, 5.1013794e-002
4.2500001e-001, 5.1362995e-002
4.2600000e-001, 5.1594142e-002
4.2699999e-001, 5.1669553e-002
4.2800000e-001, 5.1685531e-002
4.2899999e-001, 5.1771801e-002
4.3000001e-001, 5.2024856e-002
4.3099999e-001, 5.2407522e-002
4.3200001e-001, 5.2849166e-002
4.3300000e-001, 5.3292103e-002
4.3399999e-001, 5.3730007e-002
4.3500000e-001, 5.4169398e-002
4.3599999e-001, 5.4606978e-002
4.3700001e-001, 5.4999795e-002
4.3799999e-001, 5.5295069e-002
4.3900001e-001, 5.5461697e-002
4.4000000e-001, 5.5555742e-002
4.4100001e-001, 5.5655058e-002
4.4200000e-001, 5.5813231e-002
4.4299999e-001, 5.5986855e-002
4.4400001e-001, 5.6108333e-002
4.4499999e-001, 5.6136988e-002
4.4600001e-001, 5.6140393e-002
4.4700000e-001, 5.6213211e-002
4.4800001e-001, 5.6416530e-002
4.4900000e-001, 5.6677245e-002
4.4999999e-001, 5.6888856e-002
4.5100001e-001, 5.6978039e-002
4.5199999e-001, 5.7004809e-002
4.5300001e-001, 5.7062373e-002
4.5400000e-001, 5.7214335e-002
4.5500001e-001, 5.7405140e-002
4.5600000e-001, 5.7549421e-002
4.5699999e-001, 5.7586499e-002
4.5800000e-001, 5.7554454e-002
4.5899999e-001, 5.7515990e-002
4.6000001e-001, 5.7517260e-002
4.6100000e-001, 5.7537645e-002
4.6200001e-001, 5.7540048e-002
4.6300000e-001, 5.7499148e-002
4.6399999e-001, 5.7437394e-002
4.6500000e-001, 5.7388991e-002
4.6599999e-001, 5.7380188e-002
4.6700001e-001, 5.7404906e-002
4.6799999e-001, 5.7449166e-002
4.6900001e-001, 5.7505060e-002
4.7000000e-001, 5.7589773e-002
4.7099999e-001, 5.7726674e-002
4.7200000e-001, 5.7923228e-002
4.7299999e-001, 5.8123369e-002
4.7400001e-001, 5.8255140e-002
4.7499999e-001, 5.8268718e-002
4.7600001e-001, 5.8202785e-002
4.7700000e-001, 5.8118351e-002
4.7799999e-001, 5.8070801e-002
4.7900000e-001, 5.8093399e-002
4.7999999e-001, 5.8213823e-002
4.8100001e-001, 5.8442071e-002
4.8199999e-001, 5.8716752e-002
4.8300001e-001, 5.8958750e-002
4.8400000e-001, 5.9107326e-002
4.8500001e-001, 5.9175886e-002
4.8600000e-001, 5.9196077e-002
4.8699999e-001, 5.9197675e-002
4.8800001e-001, 5.9202142e-002
4.8899999e-001, 5.9229095e-002
4.9000001e-001, 5.9295617e-002
4.9100000e-001, 5.9409726e-002
4.9200001e-001, 5.9577122e-002
4.9300000e-001, 5.9794698e-002
4.9399999e-001, 6.0024764e-002
4.9500000e-001, 6.0220666e-002
4.9599999e-001, 6.0351081e-002
4.9700001e-001, 6.0445167e-002
4.9800000e-001, 6.0547281e-002
4.9900001e-001, 6.0700305e-002
5.0000000e-001, 6.0940925e-002
5.0099999e-001, 6.1304566e-002
5.0199997e-001, 6.1806049e-002
5.0300002e-001, 6.2379364e-002
5.0400001e-001, 6.2937960e-002
5.0500000e-001, 6.3428350e-002
5.0599998e-001, 6.3928008e-002
5.0700003e-001, 6.4547405e-002
5.0800002e-001, 6.5366022e-002
5.0900000e-001, 6.6340290e-002
5.0999999e-001, 6.7395791e-002
5.1099998e-001, 6.8482868e-002
5.1200002e-001, 6.9649957e-002
5.1300001e-001, 7.0970096e-002
5.1400000e-001, 7.2497576e-002
5.1499999e-001, 7.4211754e-002
5.1599997e-001, 7.6073334e-002
5.1700002e-001, 7.8052811e-002
5.1800001e-001, 8.0159001e-002
5.1899999e-001, 8.2410775e-002
5.1999998e-001, 8.4811643e-002
5.2100003e-001, 8.7303869e-002
5.2200001e-001, 8.9814514e-002
5.2300000e-001, 9.2288107e-002
5.2399999e-001, 9.4738215e-002
5.2499998e-001, 9.7196199e-002
5.2600002e-001, 9.9673912e-002
5.2700001e-001, 1.0210572e-001
5.2800000e-001, 1.0440609e-001
5.2899998e-001, 1.0650884e-001
5.2999997e-001, 1.0842296e-001
5.3100002e-001, 1.1017629e-001
5.3200001e-001, 1.1179378e-001
5.3299999e-001, 1.1328893e-001
5.3399998e-001, 1.1467210e-001
5.3500003e-001, 1.1595141e-001
5.3600001e-001, 1.1712480e-001
5.3700000e-001, 1.1818773e-001
5.3799999e-001, 1.1913291e-001
5.3899997e-001, 1.1994285e-001
5.4000002e-001, 1.2059742e-001
5.4100001e-001, 1.2109514e-001
5.4200000e-001, 1.2150964e-001
5.4299998e-001, 1.2193327e-001
5.4400003e-001, 1.2243115e-001
5.4500002e-001, 1.2295971e-001
5.4600000e-001, 1.2344817e-001
5.4699999e-001, 1.2384671e-001
5.4799998e-001, 1.2418925e-001
5.4900002e-001, 1.2453077e-001
5.5000001e-001, 1.2490493e-001
5.5100000e-001, 1.2526053e-001
5.5199999e-001, 1.2552513e-001
5.5299997e-001, 1.2563707e-001
5.5400002e-001, 1.2557791e-001
5.5500001e-001, 1.2534003e-001
5.5599999e-001, 1.2492031e-001
5.5699998e-001, 1.2433379e-001
5.5800003e-001, 1.2360014e-001
5.5900002e-001, 1.2273395e-001
5.6000000e-001, 1.2172994e-001
5.6099999e-001, 1.2057792e-001
5.6199998e-001, 1.1927570e-001
5.6300002e-001, 1.1785346e-001
5.6400001e-001, 1.1634975e-001
5.6500000e-001, 1.1479583e-001
5.6599998e-001, 1.1319521e-001
5.6699997e-001, 1.1154428e-001
5.6800002e-001, 1.0983986e-001
5.6900001e-001, 1.0807876e-001
5.6999999e-001, 1.0625804e-001
5.7099998e-001, 1.0438804e-001
5.7200003e-001, 1.0253262e-001
5.7300001e-001, 1.0076888e-001
5.7400000e-001, 9.9155851e-002
5.7499999e-001, 9.7678669e-002
5.7599998e-001, 9.6304245e-002
5.7700002e-001, 9.5003910e-002
5.7800001e-001, 9.3767412e-002
5.7900000e-001, 9.2588805e-002
5.7999998e-001, 9.1466345e-002
5.8099997e-001, 9.0414874e-002
5.8200002e-001, 8.9453407e-002
5.8300000e-001, 8.8596076e-002
5.8399999e-001, 8.7838106e-002
5.8499998e-001, 8.7169714e-002
5.8600003e-001, 8.6573809e-002
5.8700001e-001, 8.6003564e-002
5.8800000e-001, 8.5404828e-002
5.8899999e-001, 8.4747784e-002
5.8999997e-001, 8.4100388e-002
5.9100002e-001, 8.3555169e-002
5.9200001e-001, 8.3177134e-002
5.9299999e-001, 8.2921743e-002
5.9399998e-001, 8.2717165e-002
5.9500003e-001, 8.2503393e-002
5.9600002e-001, 8.2267977e-002
5.9700000e-001, 8.2010388e-002
5.9799999e-001, 8.1732310e-002
5.9899998e-001, 8.1444159e-002
6.0000002e-001, 8.1158511e-002
6.0100001e-001, 8.0880284e-002
6.0200000e-001, 8.0583632e-002
6.0299999e-001, 8.0234990e-002
6.0399997e-001, 7.9810396e-002
6.0500002e-001, 7.9323716e-002
6.0600001e-001, 7.8798339e-002
6.0699999e-001, 7.8254126e-002
6.0799998e-001, 7.7697113e-002
6.0900003e-001, 7.7129699e-002
6.1000001e-001, 7.6556578e-002
6.1100000e-001, 7.5991139e-002
6.1199999e-001, 7.5448938e-002
6.1299998e-001, 7.4937239e-002
6.1400002e-001, 7.4430294e-002
6.1500001e-001, 7.3893942e-002
6.1600000e-001, 7.3307447e-002
6.1699998e-001, 7.2703704e-002
6.1799997e-001, 7.2129115e-002
6.1900002e-001, 7.1618810e-002
6.2000000e-001, 7.1163543e-002
6.2099999e-001, 7.0742972e-002
6.2199998e-001, 7.0342876e-002
6.2300003e-001, 6.9973774e-002
6.2400001e-001, 6.9652401e-002
6.2500000e-001, 6.9392845e-002
6.2599999e-001, 6.9198750e-002
6.2699997e-001, 6.9071092e-002
6.2800002e-001, 6.9002762e-002
6.2900001e-001, 6.8953089e-002
6.3000000e-001, 6.8873048e-002
6.3099998e-001, 6.8730846e-002
6.3200003e-001, 6.8562202e-002
6.3300002e-001, 6.8419822e-002
6.3400000e-001, 6.8334922e-002
6.3499999e-001, 6.8251505e-002
6.3599998e-001, 6.8092167e-002
6.3700002e-001, 6.7794152e-002
6.3800001e-001, 6.7355134e-002
6.3900000e-001, 6.6787422e-002
6.3999999e-001, 6.6114143e-002
6.4099997e-001, 6.5400600e-002
6.4200002e-001, 6.4722806e-002
6.4300001e-001, 6.4134002e-002
6.4399999e-001, 6.3597396e-002
6.4499998e-001, 6.3053720e-002
6.4600003e-001, 6.2465616e-002
6.4700001e-001, 6.1884459e-002
6.4800000e-001, 6.1383590e-002
6.4899999e-001, 6.1015327e-002
6.4999998e-001, 6.0746927e-002
6.5100002e-001, 6.0524460e-002
6.5200001e-001, 6.0302220e-002
6.5300000e-001, 6.0066376e-002
6.5399998e-001, 5.9811231e-002
6.5499997e-001, 5.9535742e-002
6.5600002e-001, 5.9256922e-002
6.5700001e-001, 5.8996409e-002
6.5799999e-001, 5.8767933e-002
6.5899998e-001, 5.8553830e-002
6.6000003e-001, 5.8328383e-002
6.6100001e-001, 5.8071841e-002
6.6200000e-001, 5.7787880e-002
6.6299999e-001, 5.7486057e-002
6.6399997e-001, 5.7179861e-002
6.6500002e-001, 5.6898404e-002
6.6600001e-001, 5.6674723e-002
6.6700000e-001, 5.6527685e-002
6.6799998e-001, 5.6419626e-002
6.6900003e-001, 5.6298658e-002
6.7000002e-001, 5.6132842e-002
6.7100000e-001, 5.5969868e-002
6.7199999e-001, 5.5877350e-002
6.7299998e-001, 5.5903137e-002
6.7400002e-001, 5.6016069e-002
6.7500001e-001, 5.6165233e-002
6.7600000e-001, 5.6309827e-002
6.7699999e-001, 5.6449458e-002
6.7799997e-001, 5.6593858e-002
6.7900002e-001, 5.6754980e-002
6.8000001e-001, 5.6953762e-002
6.8099999e-001, 5.7213336e-002
6.8199998e-001, 5.7549216e-002
6.8300003e-001, 5.7946187e-002
6.8400002e-001, 5.8381155e-002
6.8500000e-001, 5.8853690e-002
6.8599999e-001, 5.9453133e-002
6.8699998e-001, 6.0291287e-002
6.8800002e-001, 6.1467770e-002
6.8900001e-001, 6.3034087e-002
6.9000000e-001, 6.5029748e-002
6.9099998e-001, 6.7508727e-002
6.9199997e-001, 7.0584178e-002
6.9300002e-001, 7.4384309e-002
6.9400001e-001, 7.9014003e-002
6.9499999e-001, 8.4488392e-002
6.9599998e-001, 9.0799794e-002
6.9700003e-001, 9.7925901e-002
6.9800001e-001, 1.0578262e-001
6.9900000e-001, 1.1427215e-001
6.9999999e-001, 1.2329610e-001
7.0099998e-001, 1.3276121e-001
7.0200002e-001, 1.4257321e-001
7.0300001e-001, 1.5264563e-001
7.0400000e-001, 1.6291645e-001
7.0499998e-001, 1.7333226e-001
7.0599997e-001, 1.8384165e-001
7.0700002e-001, 1.9440490e-001
7.0800000e-001, 2.0498319e-001
7.0899999e-001, 2.1554518e-001
7.0999998e-001, 2.2608145e-001
7.1100003e-001, 2.3658806e-001
7.1200001e-001, 2.4705824e-001
7.1300000e-001, 2.5747415e-001
7.1399999e-001, 2.6781315e-001
7.1499997e-001, 2.7805537e-001
7.1600002e-001, 2.8818345e-001
7.1700001e-001, 2.9818165e-001
7.1799999e-001, 3.0802613e-001
7.1899998e-001, 3.1767055e-001
7.2000003e-001, 3.2706168e-001
7.2100002e-001, 3.3615974e-001
7.2200000e-001, 3.4497854e-001
7.2299999e-001, 3.5354564e-001
7.2399998e-001, 3.6186984e-001
7.2500002e-001, 3.6989200e-001
7.2600001e-001, 3.7753510e-001
7.2700000e-001, 3.8474256e-001
7.2799999e-001, 3.9153662e-001
7.2899997e-001, 3.9796075e-001
7.3000002e-001, 4.0405151e-001
7.3100001e-001, 4.0981904e-001
7.3199999e-001, 4.1526660e-001
7.3299998e-001, 4.2039376e-001
7.3400003e-001, 4.2518154e-001
7.3500001e-001, 4.2960748e-001
7.3600000e-001, 4.3366200e-001
7.3699999e-001, 4.3738765e-001
7.3799998e-001, 4.4083941e-001
7.3900002e-001, 4.4406223e-001
7.4000001e-001, 4.4705746e-001
7.4100000e-001, 4.4981545e-001
7.4199998e-001, 4.5233098e-001
7.4299997e-001, 4.5461583e-001
7.4400002e-001, 4.5668563e-001
7.4500000e-001, 4.5855853e-001
7.4599999e-001, 4.6026134e-001
7.4699998e-001, 4.6182302e-001
7.4800003e-001, 4.6326646e-001
7.4900001e-001, 4.6459040e-001
7.5000000e-001, 4.6578729e-001
7.5099999e-001, 4.6685132e-001
7.5199997e-001, 4.6778175e-001
7.5300002e-001, 4.6857947e-001
7.5400001e-001, 4.6925166e-001
7.5500000e-001, 4.6983704e-001
7.5599998e-001, 4.7037977e-001
7.5700003e-001, 4.7091094e-001
7.5800002e-001, 4.7140747e-001
7.5900000e-001, 4.7183248e-001
7.5999999e-001, 4.7216299e-001
7.6099998e-001, 4.7243071e-001
7.6200002e-001, 4.7268087e-001
7.6300001e-001, 4.7294664e-001
7.6400000e-001, 4.7321209e-001
7.6499999e-001, 4.7344893e-001
7.6599997e-001, 4.7363651e-001
7.6700002e-001, 4.7378397e-001
7.6800001e-001, 4.7390798e-001
7.6899999e-001, 4.7402096e-001
7.6999998e-001, 4.7411841e-001
7.7100003e-001, 4.7419158e-001
7.7200001e-001, 4.7423619e-001
7.7300000e-001, 4.7426599e-001
7.7399999e-001, 4.7429919e-001
7.7499998e-001, 4.7434840e-001
7.7600002e-001, 4.7440434e-001
7.7700001e-001, 4.7445214e-001
7.7800000e-001, 4.7448102e-001
7.7899998e-001, 4.7449675e-001
7.7999997e-001, 4.7450921e-001
7.8100002e-001, 4.7452763e-001
7.8200001e-001, 4.7455889e-001
7.8299999e-001, 4.7460929e-001
7.8399998e-001, 4.7468153e-001
7.8500003e-001, 4.7476381e-001
7.8600001e-001, 4.7484076e-001
7.8700000e-001, 4.7490084e-001
7.8799999e-001, 4.7494754e-001
7.8899997e-001, 4.7498804e-001
7.9000002e-001, 4.7502759e-001
7.9100001e-001, 4.7506312e-001
7.9200000e-001, 4.7508958e-001
7.9299998e-001, 4.7510344e-001
7.9400003e-001, 4.7510809e-001
7.9500002e-001, 4.7510728e-001
7.9600000e-001, 4.7510529e-001
7.9699999e-001, 4.7510424e-001
7.9799998e-001, 4.7510538e-001
7.9900002e-001, 4.7510973e-001
8.0000001e-001, 4.7511700e-001
8.0100000e-001, 4.7512650e-001
8.0199999e-001, 4.7513485e-001
8.0299997e-001, 4.7512820e-001
8.0400002e-001, 4.7509009e-001
8.0500001e-001, 4.7501341e-001
8.0599999e-001, 4.7492856e-001
8.0699998e-001, 4.7487551e-001
8.0800003e-001, 4.7488302e-001
8.0900002e-001, 4.7493511e-001
8.1000000e-001, 4.7500449e-001
8.1099999e-001, 4.7506616e-001
8.1199998e-001, 4.7510320e-001
8.1300002e-001, 4.7510073e-001
8.1400001e-001, 4.7505370e-001
8.1500000e-001, 4.7499567e-001
8.1599998e-001, 4.7497016e-001
8.1699997e-001, 4.7500390e-001
8.1800002e-001, 4.7505692e-001
8.1900001e-001, 4.7507244e-001
8.1999999e-001, 4.7501439e-001
8.2099998e-001, 4.7492796e-001
8.2200003e-001, 4.7487885e-001
8.2300001e-001, 4.7491401e-001
8.2400000e-001, 4.7500393e-001
8.2499999e-001, 4.7510058e-001
8.2599998e-001, 4.7516590e-001
8.2700002e-001, 4.7520211e-001
8.2800001e-001, 4.7522163e-001
8.2900000e-001, 4.7523561e-001
8.2999998e-001, 4.7524983e-001
8.3099997e-001, 4.7526884e-001
8.3200002e-001, 4.7529253e-001
8.3300000e-001, 4.7530311e-001
8.3399999e-001, 4.7527775e-001
8.3499998e-001, 4.7520521e-001
8.3600003e-001, 4.7511902e-001
8.3700001e-001, 4.7506371e-001
8.3800000e-001, 4.7507164e-001
8.3899999e-001, 4.7512528e-001
8.3999997e-001, 4.7519475e-001
8.4100002e-001, 4.7525373e-001
8.4200001e-001, 4.7529072e-001
8.4299999e-001, 4.7529781e-001
8.4399998e-001, 4.7527662e-001
8.4500003e-001, 4.7526667e-001
8.4600002e-001, 4.7531703e-001
8.4700000e-001, 4.7545263e-001
8.4799999e-001, 4.7560191e-001
8.4899998e-001, 4.7566897e-001
8.5000002e-001, 4.7559094e-001
8.5100001e-001, 4.7543576e-001
8.5200000e-001, 4.7530392e-001
8.5299999e-001, 4.7526953e-001
8.5399997e-001, 4.7529981e-001
8.5500002e-001, 4.7533530e-001
8.5600001e-001, 4.7533062e-001
8.5699999e-001, 4.7529578e-001
8.5799998e-001, 4.7525460e-001
8.5900003e-001, 4.7522581e-001
8.6000001e-001, 4.7520295e-001
8.6100000e-001, 4.7517374e-001
8.6199999e-001, 4.7513083e-001
8.6299998e-001, 4.7508544e-001
8.6400002e-001, 4.7505340e-001
8.6500001e-001, 4.7504464e-001
8.6600000e-001, 4.7504443e-001
8.6699998e-001, 4.7503188e-001
8.6799997e-001, 4.7499168e-001
8.6900002e-001, 4.7493008e-001
8.7000000e-001, 4.7485882e-001
8.7099999e-001, 4.7478944e-001
8.7199998e-001, 4.7473273e-001
8.7300003e-001, 4.7469944e-001
8.7400001e-001, 4.7469321e-001
8.7500000e-001, 4.7468960e-001
8.7599999e-001, 4.7465721e-001
8.7699997e-001, 4.7457710e-001
8.7800002e-001, 4.7448063e-001
8.7900001e-001, 4.7441161e-001
8.8000000e-001, 4.7440192e-001
8.8099998e-001, 4.7443533e-001
8.8200003e-001, 4.7448346e-001
8.8300002e-001, 4.7451913e-001
8.8400000e-001, 4.7451940e-001
8.8499999e-001, 4.7446242e-001
8.8599998e-001, 4.7434366e-001
8.8700002e-001, 4.7422826e-001
8.8800001e-001, 4.7419861e-001
8.8900000e-001, 4.7430441e-001
8.8999999e-001, 4.7446358e-001
8.9099997e-001, 4.7456107e-001
8.9200002e-001, 4.7451591e-001
8.9300001e-001, 4.7438276e-001
8.9399999e-001, 4.7425017e-001
8.9499998e-001, 4.7418866e-001
8.9600003e-001, 4.7419611e-001
8.9700001e-001, 4.7425246e-001
8.9800000e-001, 4.7433871e-001
8.9899999e-001, 4.7444028e-001
8.9999998e-001, 4.7454405e-001
9.0100002e-001, 4.7463077e-001
9.0200001e-001, 4.7466281e-001
9.0300000e-001, 4.7459728e-001
9.0399998e-001, 4.7442001e-001
9.0499997e-001, 4.7423249e-001
9.0600002e-001, 4.7416484e-001
9.0700001e-001, 4.7430125e-001
9.0799999e-001, 4.7454163e-001
9.0899998e-001, 4.7473967e-001
9.1000003e-001, 4.7478357e-001
9.1100001e-001, 4.7469890e-001
9.1200000e-001, 4.7454575e-001
9.1299999e-001, 4.7437692e-001
9.1399997e-001, 4.7421652e-001
9.1500002e-001, 4.7408155e-001
9.1600001e-001, 4.7398874e-001
9.1700000e-001, 4.7395405e-001
9.1799998e-001, 4.7399327e-001
9.1900003e-001, 4.7410300e-001
9.2000002e-001, 4.7420344e-001
9.2100000e-001, 4.7419569e-001
9.2199999e-001, 4.7401947e-001
9.2299998e-001, 4.7376904e-001
9.2400002e-001, 4.7357753e-001
9.2500001e-001, 4.7353500e-001
9.2600000e-001, 4.7355992e-001
9.2699999e-001, 4.7352788e-001
9.2799997e-001, 4.7334650e-001
9.2900002e-001, 4.7305134e-001
9.3000001e-001, 4.7271007e-001
9.3099999e-001, 4.7237891e-001
9.3199998e-001, 4.7206855e-001
9.3300003e-001, 4.7177839e-001
9.3400002e-001, 4.7150773e-001
9.3500000e-001, 4.7125602e-001
9.3599999e-001, 4.7102243e-001
9.3699998e-001, 4.7080642e-001
9.3800002e-001, 4.7060734e-001
9.3900001e-001, 4.7042450e-001
9.4000000e-001, 4.7025725e-001
9.4099998e-001,-1.2300000e+034
9.4199997e-001,-1.2300000e+034
9.4300002e-001,-1.2300000e+034
9.4400001e-001,-1.2300000e+034
9.4499999e-001,-1.2300000e+034
9.4599998e-001,-1.2300000e+034
9.4700003e-001,-1.2300000e+034
9.4800001e-001,-1.2300000e+034
9.4900000e-001,-1.2300000e+034
9.4999999e-001,-1.2300000e+034
9.5099998e-001,-1.2300000e+034
9.5200002e-001,-1.2300000e+034
9.5300001e-001,-1.2300000e+034
9.5400000e-001,-1.2300000e+034
9.5499998e-001,-1.2300000e+034
9.5599997e-001,-1.2300000e+034
9.5700002e-001,-1.2300000e+034
9.5800000e-001,-1.2300000e+034
9.5899999e-001,-1.2300000e+034
9.5999998e-001,-1.2300000e+034
9.6100003e-001,-1.2300000e+034
9.6200001e-001,-1.2300000e+034
9.6300000e-001,-1.2300000e+034
9.6399999e-001,-1.2300000e+034
9.6499997e-001,-1.2300000e+034
9.6600002e-001,-1.2300000e+034
9.6700001e-001,-1.2300000e+034
9.6799999e-001,-1.2300000e+034
9.6899998e-001,-1.2300000e+034
9.7000003e-001,-1.2300000e+034
9.7100002e-001,-1.2300000e+034
9.7200000e-001,-1.2300000e+034
9.7299999e-001,-1.2300000e+034
9.7399998e-001,-1.2300000e+034
9.7500002e-001,-1.2300000e+034
9.7600001e-001,-1.2300000e+034
9.7700000e-001,-1.2300000e+034
9.7799999e-001,-1.2300000e+034
9.7899997e-001,-1.2300000e+034
9.8000002e-001,-1.2300000e+034
9.8100001e-001,-1.2300000e+034
9.8199999e-001,-1.2300000e+034
9.8299998e-001,-1.2300000e+034
9.8400003e-001,-1.2300000e+034
9.8500001e-001,-1.2300000e+034
9.8600000e-001,-1.2300000e+034
9.8699999e-001,-1.2300000e+034
9.8799998e-001,-1.2300000e+034
9.8900002e-001,-1.2300000e+034
9.9000001e-001,-1.2300000e+034
9.9100000e-001,-1.2300000e+034
9.9199998e-001,-1.2300000e+034
9.9299997e-001,-1.2300000e+034
9.9400002e-001,-1.2300000e+034
9.9500000e-001,-1.2300000e+034
9.9599999e-001,-1.2300000e+034
9.9699998e-001,-1.2300000e+034
9.9800003e-001,-1.2300000e+034
9.9900001e-001,-1.2300000e+034
1.0000000e+000,-1.2300000e+034
1.0010000e+000,-1.2300000e+034
1.0020000e+000,-1.2300000e+034
1.0030000e+000,-1.2300000e+034
1.0039999e+000,-1.2300000e+034
1.0050000e+000, 4.6221173e-001
1.0060000e+000, 4.6259350e-001
1.0070000e+000, 4.6320567e-001
1.0080000e+000, 4.6380043e-001
1.0089999e+000, 4.6418193e-001
1.0100000e+000, 4.6435735e-001
1.0110000e+000, 4.6438324e-001
1.0120000e+000, 4.6431768e-001
1.0130000e+000, 4.6421903e-001
1.0140001e+000, 4.6414444e-001
1.0150000e+000, 4.6415237e-001
1.0160000e+000, 4.6427947e-001
1.0170000e+000, 4.6451238e-001
1.0180000e+000, 4.6483251e-001
1.0190001e+000, 4.6520594e-001
1.0200000e+000, 4.6556321e-001
1.0210000e+000, 4.6583176e-001
1.0220000e+000, 4.6598119e-001
1.0230000e+000, 4.6607366e-001
1.0240000e+000, 4.6618521e-001
1.0250000e+000, 4.6634749e-001
1.0260000e+000, 4.6649420e-001
1.0270000e+000, 4.6654603e-001
1.0280000e+000, 4.6647534e-001
1.0290000e+000, 4.6636757e-001
1.0300000e+000, 4.6632475e-001
1.0310000e+000, 4.6640283e-001
1.0319999e+000, 4.6655554e-001
1.0330000e+000, 4.6672294e-001
1.0340000e+000, 4.6686661e-001
1.0350000e+000, 4.6699560e-001
1.0360000e+000, 4.6712664e-001
1.0369999e+000, 4.6726623e-001
1.0380000e+000, 4.6740130e-001
1.0390000e+000, 4.6751601e-001
1.0400000e+000, 4.6759596e-001
1.0410000e+000, 4.6763232e-001
1.0420001e+000, 4.6761504e-001
1.0430000e+000, 4.6754843e-001
1.0440000e+000, 4.6746290e-001
1.0450000e+000, 4.6739465e-001
1.0460000e+000, 4.6736801e-001
1.0470001e+000, 4.6738687e-001
1.0480000e+000, 4.6745169e-001
1.0490000e+000, 4.6754718e-001
1.0500000e+000, 4.6762395e-001
1.0510000e+000, 4.6762645e-001
1.0520000e+000, 4.6753499e-001
1.0530000e+000, 4.6740514e-001
1.0540000e+000, 4.6730426e-001
1.0549999e+000, 4.6727207e-001
1.0560000e+000, 4.6729118e-001
1.0570000e+000, 4.6733612e-001
1.0580000e+000, 4.6738422e-001
1.0590000e+000, 4.6742168e-001
1.0599999e+000, 4.6743426e-001
1.0610000e+000, 4.6741703e-001
1.0620000e+000, 4.6738774e-001
1.0630000e+000, 4.6736544e-001
1.0640000e+000, 4.6736088e-001
1.0650001e+000, 4.6736747e-001
1.0660000e+000, 4.6737486e-001
1.0670000e+000, 4.6737897e-001
1.0680000e+000, 4.6738899e-001
1.0690000e+000, 4.6741563e-001
1.0700001e+000, 4.6746171e-001
1.0710000e+000, 4.6751189e-001
1.0720000e+000, 4.6754843e-001
1.0730000e+000, 4.6755409e-001
1.0740000e+000, 4.6751279e-001
1.0750000e+000, 4.6740878e-001
1.0760000e+000, 4.6724564e-001
1.0770000e+000, 4.6706754e-001
1.0779999e+000, 4.6692616e-001
1.0790000e+000, 4.6685320e-001
1.0800000e+000, 4.6684155e-001
1.0810000e+000, 4.6687719e-001
1.0820000e+000, 4.6694052e-001
1.0829999e+000, 4.6699843e-001
1.0840000e+000, 4.6701652e-001
1.0850000e+000, 4.6697783e-001
1.0860000e+000, 4.6690950e-001
1.0870000e+000, 4.6684289e-001
1.0880001e+000, 4.6679655e-001
1.0890000e+000, 4.6675971e-001
1.0900000e+000, 4.6671727e-001
1.0910000e+000, 4.6665379e-001
1.0920000e+000, 4.6654928e-001
1.0930001e+000, 4.6638536e-001
1.0940000e+000, 4.6615675e-001
1.0950000e+000, 4.6589047e-001
1.0960000e+000, 4.6561667e-001
1.0970000e+000, 4.6536610e-001
1.0980000e+000, 4.6516523e-001
1.0990000e+000, 4.6504062e-001
1.1000000e+000, 4.6499628e-001
1.1010000e+000, 4.6498379e-001
1.1020000e+000, 4.6494979e-001
1.1030000e+000, 4.6486354e-001
1.1040000e+000, 4.6474904e-001
1.1050000e+000, 4.6463615e-001
1.1059999e+000, 4.6454754e-001
1.1070000e+000, 4.6448430e-001
1.1080000e+000, 4.6444660e-001
1.1090000e+000, 4.6442607e-001
1.1100000e+000, 4.6439913e-001
1.1109999e+000, 4.6433997e-001
1.1120000e+000, 4.6423095e-001
1.1130000e+000, 4.6407515e-001
1.1140000e+000, 4.6387702e-001
1.1150000e+000, 4.6364978e-001
1.1160001e+000, 4.6342543e-001
1.1170000e+000, 4.6323970e-001
1.1180000e+000, 4.6310198e-001
1.1190000e+000, 4.6296817e-001
1.1200000e+000, 4.6278638e-001
1.1210001e+000, 4.6252546e-001
1.1220000e+000, 4.6219987e-001
1.1230000e+000, 4.6183112e-001
1.1240000e+000, 4.6143696e-001
1.1250000e+000, 4.6102732e-001
1.1260000e+000, 4.6061075e-001
1.1270000e+000, 4.6018952e-001
1.1280000e+000, 4.5974946e-001
1.1289999e+000, 4.5927426e-001
1.1300000e+000, 4.5875740e-001
1.1310000e+000, 4.5821220e-001
1.1320000e+000, 4.5765543e-001
1.1330000e+000, 4.5708361e-001
1.1339999e+000, 4.5644581e-001
1.1350000e+000, 4.5568562e-001
1.1360000e+000, 4.5478585e-001
1.1370000e+000, 4.5381758e-001
1.1380000e+000, 4.5286268e-001
1.1390001e+000, 4.5196974e-001
1.1400000e+000, 4.5111603e-001
1.1410000e+000, 4.5026833e-001
1.1420000e+000, 4.4941166e-001
1.1430000e+000, 4.4857284e-001
1.1440001e+000, 4.4778624e-001
1.1450000e+000, 4.4706547e-001
1.1460000e+000, 4.4638690e-001
1.1470000e+000, 4.4572026e-001
1.1480000e+000, 4.4504088e-001
1.1490000e+000, 4.4433907e-001
1.1500000e+000, 4.4360578e-001
1.1510000e+000, 4.4284132e-001
1.1520000e+000, 4.4206932e-001
1.1530000e+000, 4.4131643e-001
1.1540000e+000, 4.4060814e-001
1.1550000e+000, 4.3997195e-001
1.1560000e+000, 4.3943435e-001
1.1569999e+000, 4.3900314e-001
1.1580000e+000, 4.3864733e-001
1.1590000e+000, 4.3832949e-001
1.1600000e+000, 4.3802407e-001
1.1610000e+000, 4.3773013e-001
1.1619999e+000, 4.3745098e-001
1.1630000e+000, 4.3719035e-001
1.1640000e+000, 4.3695614e-001
1.1650000e+000, 4.3675572e-001
1.1660000e+000, 4.3658882e-001
1.1670001e+000, 4.3643308e-001
1.1680000e+000, 4.3626595e-001
1.1690000e+000, 4.3606704e-001
1.1700000e+000, 4.3582407e-001
1.1710000e+000, 4.3552703e-001
1.1720001e+000, 4.3518484e-001
1.1730000e+000, 4.3484953e-001
1.1740000e+000, 4.3457904e-001
1.1750000e+000, 4.3440479e-001
1.1760000e+000, 4.3429959e-001
1.1770000e+000, 4.3422824e-001
1.1780000e+000, 4.3416068e-001
1.1790000e+000, 4.3407923e-001
1.1799999e+000, 4.3396661e-001
1.1810000e+000, 4.3381119e-001
1.1820000e+000, 4.3360972e-001
1.1830000e+000, 4.3336105e-001
1.1840000e+000, 4.3307516e-001
1.1849999e+000, 4.3278918e-001
1.1860000e+000, 4.3254429e-001
1.1870000e+000, 4.3236125e-001
1.1880000e+000, 4.3221775e-001
1.1890000e+000, 4.3208531e-001
1.1900001e+000, 4.3194827e-001
1.1910000e+000, 4.3182155e-001
1.1920000e+000, 4.3172318e-001
1.1930000e+000, 4.3166813e-001
1.1940000e+000, 4.3166214e-001
1.1950001e+000, 4.3170962e-001
1.1960000e+000, 4.3179750e-001
1.1970000e+000, 4.3187585e-001
1.1980000e+000, 4.3188801e-001
1.1990000e+000, 4.3180728e-001
1.2000000e+000, 4.3166837e-001
1.2010000e+000, 4.3151620e-001
1.2020000e+000, 4.3138352e-001
1.2029999e+000, 4.3128070e-001
1.2040000e+000, 4.3121502e-001
1.2050000e+000, 4.3119380e-001
1.2060000e+000, 4.3122849e-001
1.2070000e+000, 4.3133053e-001
1.2079999e+000, 4.3149230e-001
1.2090000e+000, 4.3166357e-001
1.2100000e+000, 4.3178922e-001
1.2110000e+000, 4.3184322e-001
1.2120000e+000, 4.3186498e-001
1.2130001e+000, 4.3190226e-001
1.2140000e+000, 4.3198538e-001
1.2150000e+000, 4.3210480e-001
1.2160000e+000, 4.3224519e-001
1.2170000e+000, 4.3239293e-001
1.2180001e+000, 4.3253925e-001
1.2190000e+000, 4.3267658e-001
1.2200000e+000, 4.3280497e-001
1.2210000e+000, 4.3294391e-001
1.2220000e+000, 4.3311572e-001
1.2230000e+000, 4.3333256e-001
1.2240000e+000, 4.3358806e-001
1.2250000e+000, 4.3387195e-001
1.2260000e+000, 4.3417114e-001
1.2270000e+000, 4.3446577e-001
1.2280000e+000, 4.3473521e-001
1.2290000e+000, 4.3497384e-001
1.2300000e+000, 4.3520737e-001
1.2309999e+000, 4.3546668e-001
1.2320000e+000, 4.3576217e-001
1.2330000e+000, 4.3605533e-001
1.2340000e+000, 4.3630120e-001
1.2350000e+000, 4.3647557e-001
1.2359999e+000, 4.3659833e-001
1.2370000e+000, 4.3669477e-001
1.2380000e+000, 4.3678078e-001
1.2390000e+000, 4.3684861e-001
1.2400000e+000, 4.3688694e-001
1.2410001e+000, 4.3689755e-001
1.2420000e+000, 4.3690902e-001
1.2430000e+000, 4.3695369e-001
1.2440000e+000, 4.3704987e-001
1.2450000e+000, 4.3718189e-001
1.2460001e+000, 4.3733063e-001
1.2470000e+000, 4.3747211e-001
1.2480000e+000, 4.3757424e-001
1.2490000e+000, 4.3760374e-001
1.2500000e+000, 4.3755445e-001
1.2510000e+000, 4.3748006e-001
1.2520000e+000, 4.3744287e-001
1.2530000e+000, 4.3747720e-001
1.2539999e+000, 4.3755758e-001
1.2550000e+000, 4.3765041e-001
1.2560000e+000, 4.3772987e-001
1.2570000e+000, 4.3778789e-001
1.2580000e+000, 4.3781772e-001
1.2589999e+000, 4.3781960e-001
1.2600000e+000, 4.3780765e-001
1.2610000e+000, 4.3779838e-001
1.2620000e+000, 4.3779987e-001
1.2630000e+000, 4.3780398e-001
1.2640001e+000, 4.3780068e-001
1.2650000e+000, 4.3778098e-001
1.2660000e+000, 4.3774083e-001
1.2670000e+000, 4.3767709e-001
1.2680000e+000, 4.3759409e-001
1.2690001e+000, 4.3751264e-001
1.2700000e+000, 4.3745652e-001
1.2710000e+000, 4.3743324e-001
1.2720000e+000, 4.3741310e-001
1.2730000e+000, 4.3736243e-001
1.2740000e+000, 4.3726593e-001
1.2750000e+000, 4.3714997e-001
1.2760000e+000, 4.3704751e-001
1.2770000e+000, 4.3697494e-001
1.2780000e+000, 4.3691450e-001
1.2790000e+000, 4.3684328e-001
1.2800000e+000, 4.3674415e-001
1.2810000e+000, 4.3661433e-001
1.2819999e+000, 4.3645144e-001
1.2830000e+000, 4.3626007e-001
1.2840000e+000, 4.3605983e-001
1.2850000e+000, 4.3587023e-001
1.2860000e+000, 4.3570209e-001
1.2869999e+000, 4.3554288e-001
1.2880000e+000, 4.3537703e-001
1.2890000e+000, 4.3519032e-001
1.2900000e+000, 4.3497381e-001
1.2910000e+000, 4.3471757e-001
1.2920001e+000, 4.3442252e-001
1.2930000e+000, 4.3410859e-001
1.2940000e+000, 4.3380049e-001
1.2950000e+000, 4.3350911e-001
1.2960000e+000, 4.3322089e-001
1.2970001e+000, 4.3291870e-001
1.2980000e+000, 4.3258438e-001
1.2990000e+000, 4.3220264e-001
1.3000000e+000, 4.3175688e-001
1.3010000e+000, 4.3124896e-001
1.3020000e+000, 4.3072295e-001
1.3030000e+000, 4.3022674e-001
1.3040000e+000, 4.2978558e-001
1.3049999e+000, 4.2936921e-001
1.3060000e+000, 4.2894182e-001
1.3070000e+000, 4.2847803e-001
1.3080000e+000, 4.2797542e-001
1.3090000e+000, 4.2743525e-001
1.3099999e+000, 4.2686072e-001
1.3110000e+000, 4.2625973e-001
1.3120000e+000, 4.2564136e-001
1.3130000e+000, 4.2500702e-001
1.3140000e+000, 4.2434451e-001
1.3150001e+000, 4.2363960e-001
1.3160000e+000, 4.2288592e-001
1.3170000e+000, 4.2209539e-001
1.3180000e+000, 4.2128086e-001
1.3190000e+000, 4.2045310e-001
1.3200001e+000, 4.1961256e-001
1.3210000e+000, 4.1875815e-001
1.3220000e+000, 4.1789329e-001
1.3230000e+000, 4.1702685e-001
1.3240000e+000, 4.1616920e-001
1.3250000e+000, 4.1532251e-001
1.3260000e+000, 4.1447246e-001
1.3270000e+000, 4.1360140e-001
1.3279999e+000, 4.1270101e-001
1.3290000e+000, 4.1178393e-001
1.3300000e+000, 4.1086549e-001
1.3310000e+000, 4.0995181e-001
1.3320000e+000, 4.0903074e-001
1.3329999e+000, 4.0808609e-001
1.3340000e+000, 4.0711215e-001
1.3350000e+000, 4.0612036e-001
1.3360000e+000, 4.0512586e-001
1.3370000e+000, 4.0413386e-001
1.3380001e+000, 4.0312916e-001
1.3390000e+000, 4.0209439e-001
1.3400000e+000, 4.0102610e-001
1.3410000e+000, 3.9995161e-001
1.3420000e+000, 3.9890325e-001
1.3430001e+000, 3.9790016e-001
1.3440000e+000, 3.9693573e-001
1.3450000e+000, 3.9599955e-001
1.3460000e+000, 3.9508131e-001
1.3470000e+000, 3.9417380e-001
1.3480000e+000, 3.9326754e-001
1.3490000e+000, 3.9236000e-001
1.3500000e+000, 3.9145717e-001
1.3510000e+000, 3.9056635e-001
1.3520000e+000, 3.8968670e-001
1.3530000e+000, 3.8879794e-001
1.3540000e+000, 3.8787723e-001
1.3550000e+000, 3.8690701e-001
1.3559999e+000, 3.8588363e-001
1.3570000e+000, 3.8480443e-001
1.3580000e+000, 3.8367814e-001
1.3590000e+000, 3.8253844e-001
1.3600000e+000, 3.8142243e-001
1.3609999e+000, 3.8033956e-001
1.3620000e+000, 3.7923861e-001
1.3630000e+000, 3.7806070e-001
1.3640000e+000, 3.7676445e-001
1.3650000e+000, 3.7535250e-001
1.3660001e+000, 3.7383235e-001
1.3670000e+000, 3.7221122e-001
1.3680000e+000, 3.7049240e-001
1.3690000e+000, 3.6867893e-001
1.3700000e+000, 3.6677089e-001
1.3710001e+000, 3.6475992e-001
1.3720000e+000, 3.6263648e-001
1.3730000e+000, 3.6038667e-001
1.3740000e+000, 3.5798803e-001
1.3750000e+000, 3.5541540e-001
1.3760000e+000, 3.5264507e-001
1.3770000e+000, 3.4965283e-001
1.3780000e+000, 3.4641376e-001
1.3789999e+000, 3.4291884e-001
1.3800000e+000, 3.3918664e-001
1.3810000e+000, 3.3524159e-001
1.3820000e+000, 3.3110794e-001
1.3830000e+000, 3.2680628e-001
1.3839999e+000, 3.2235840e-001
1.3850000e+000, 3.1777421e-001
1.3860000e+000, 3.1304052e-001
1.3870000e+000, 3.0814180e-001
1.3880000e+000, 3.0307183e-001
1.3890001e+000, 2.9785201e-001
1.3900000e+000, 2.9250535e-001
1.3910000e+000, 2.8706431e-001
1.3920000e+000, 2.8157893e-001
1.3930000e+000, 2.7609992e-001
1.3940001e+000, 2.7066731e-001
1.3950000e+000, 2.6529050e-001
1.3960000e+000, 2.5997594e-001
1.3970000e+000, 2.5473174e-001
1.3980000e+000, 2.4956706e-001
1.3990000e+000, 2.4449368e-001
1.4000000e+000, 2.3952420e-001
1.4010000e+000, 2.3467986e-001
1.4020000e+000, 2.2998330e-001
1.4030000e+000, 2.2544925e-001
1.4040000e+000, 2.2108106e-001
1.4050000e+000, 2.1687853e-001
1.4060000e+000, 2.1284248e-001
1.4069999e+000, 2.0897341e-001
1.4080000e+000, 2.0527020e-001
1.4090000e+000, 2.0173605e-001
1.4100000e+000, 1.9837873e-001
1.4110000e+000, 1.9520816e-001
1.4119999e+000, 1.9222657e-001
1.4130000e+000, 1.8941894e-001
1.4140000e+000, 1.8676962e-001
1.4150000e+000, 1.8426889e-001
1.4160000e+000, 1.8192531e-001
1.4170001e+000, 1.7974971e-001
1.4180000e+000, 1.7773935e-001
1.4190000e+000, 1.7586586e-001
1.4200000e+000, 1.7409572e-001
1.4210000e+000, 1.7240933e-001
1.4220001e+000, 1.7081623e-001
1.4230000e+000, 1.6932926e-001
1.4240000e+000, 1.6795556e-001
1.4250000e+000, 1.6668709e-001
1.4260000e+000, 1.6551444e-001
1.4270000e+000, 1.6442856e-001
1.4280000e+000, 1.6342109e-001
1.4290000e+000, 1.6248433e-001
1.4299999e+000, 1.6161102e-001
1.4310000e+000, 1.6079700e-001
1.4320000e+000, 1.6003786e-001
1.4330000e+000, 1.5933540e-001
1.4340000e+000, 1.5870483e-001
1.4349999e+000, 1.5816316e-001
1.4360000e+000, 1.5771426e-001
1.4370000e+000, 1.5733245e-001
1.4380000e+000, 1.5698840e-001
1.4390000e+000, 1.5666305e-001
1.4400001e+000, 1.5636207e-001
1.4410000e+000, 1.5609413e-001
1.4420000e+000, 1.5586270e-001
1.4430000e+000, 1.5565974e-001
1.4440000e+000, 1.5547581e-001
1.4450001e+000, 1.5530947e-001
1.4460000e+000, 1.5517788e-001
1.4470000e+000, 1.5510030e-001
1.4480000e+000, 1.5508547e-001
1.4490000e+000, 1.5511836e-001
1.4500000e+000, 1.5518068e-001
1.4510000e+000, 1.5525851e-001
1.4520000e+000, 1.5534714e-001
1.4529999e+000, 1.5544325e-001
1.4540000e+000, 1.5555012e-001
1.4550000e+000, 1.5568484e-001
1.4560000e+000, 1.5586655e-001
1.4570000e+000, 1.5610687e-001
1.4579999e+000, 1.5640068e-001
1.4590000e+000, 1.5674068e-001
1.4600000e+000, 1.5712175e-001
1.4610000e+000, 1.5754360e-001
1.4620000e+000, 1.5800706e-001
1.4630001e+000, 1.5851201e-001
1.4640000e+000, 1.5905569e-001
1.4650000e+000, 1.5963550e-001
1.4660000e+000, 1.6025163e-001
1.4670000e+000, 1.6091010e-001
1.4680001e+000, 1.6161834e-001
1.4690000e+000, 1.6238153e-001
1.4700000e+000, 1.6320112e-001
1.4710000e+000, 1.6407773e-001
1.4720000e+000, 1.6500811e-001
1.4730000e+000, 1.6597901e-001
1.4740000e+000, 1.6697639e-001
1.4750000e+000, 1.6799083e-001
1.4760000e+000, 1.6902441e-001
1.4770000e+000, 1.7008036e-001
1.4780000e+000, 1.7116293e-001
1.4790000e+000, 1.7227620e-001
1.4800000e+000, 1.7342491e-001
1.4809999e+000, 1.7461158e-001
1.4820000e+000, 1.7583555e-001
1.4830000e+000, 1.7709532e-001
1.4840000e+000, 1.7838459e-001
1.4850000e+000, 1.7968628e-001
1.4859999e+000, 1.8098208e-001
1.4870000e+000, 1.8226193e-001
1.4880000e+000, 1.8353698e-001
1.4890000e+000, 1.8481979e-001
1.4900000e+000, 1.8611880e-001
1.4910001e+000, 1.8742906e-001
1.4920000e+000, 1.8874483e-001
1.4930000e+000, 1.9006136e-001
1.4940000e+000, 1.9137695e-001
1.4950000e+000, 1.9269097e-001
1.4960001e+000, 1.9400585e-001
1.4970000e+000, 1.9533402e-001
1.4980000e+000, 1.9668907e-001
1.4990000e+000, 1.9807647e-001
1.5000000e+000, 1.9948639e-001
1.5010000e+000, 2.0090592e-001
1.5020000e+000, 2.0232427e-001
1.5030000e+000, 2.0373757e-001
1.5039999e+000, 2.0514195e-001
1.5050000e+000, 2.0653534e-001
1.5060000e+000, 2.0791855e-001
1.5070000e+000, 2.0929287e-001
1.5080000e+000, 2.1065781e-001
1.5089999e+000, 2.1200615e-001
1.5100000e+000, 2.1333143e-001
1.5110000e+000, 2.1463428e-001
1.5120000e+000, 2.1593349e-001
1.5130000e+000, 2.1725078e-001
1.5140001e+000, 2.1859859e-001
1.5150000e+000, 2.1996927e-001
1.5160000e+000, 2.2135305e-001
1.5170000e+000, 2.2273739e-001
1.5180000e+000, 2.2410607e-001
1.5190001e+000, 2.2544174e-001
1.5200000e+000, 2.2673608e-001
1.5210000e+000, 2.2799905e-001
1.5220000e+000, 2.2924337e-001
1.5230000e+000, 2.3047730e-001
1.5240000e+000, 2.3169883e-001
1.5250000e+000, 2.3290515e-001
1.5260000e+000, 2.3409809e-001
1.5270000e+000, 2.3529063e-001
1.5280000e+000, 2.3649785e-001
1.5290000e+000, 2.3772490e-001
1.5300000e+000, 2.3895767e-001
1.5310000e+000, 2.4017969e-001
1.5319999e+000, 2.4137856e-001
1.5330000e+000, 2.4255338e-001
1.5340000e+000, 2.4370441e-001
1.5350000e+000, 2.4483223e-001
1.5360000e+000, 2.4593924e-001
1.5369999e+000, 2.4702729e-001
1.5380000e+000, 2.4809842e-001
1.5390000e+000, 2.4915463e-001
1.5400000e+000, 2.5019768e-001
1.5410000e+000, 2.5122997e-001
1.5420001e+000, 2.5225455e-001
1.5430000e+000, 2.5327593e-001
1.5440000e+000, 2.5429818e-001
1.5450000e+000, 2.5532898e-001
1.5460000e+000, 2.5637519e-001
1.5470001e+000, 2.5743857e-001
1.5480000e+000, 2.5850874e-001
1.5490000e+000, 2.5957355e-001
1.5500000e+000, 2.6062003e-001
1.5510000e+000, 2.6163250e-001
1.5520000e+000, 2.6259413e-001
1.5530000e+000, 2.6350346e-001
1.5540000e+000, 2.6438800e-001
1.5549999e+000, 2.6528022e-001
1.5560000e+000, 2.6619920e-001
1.5570000e+000, 2.6713586e-001
1.5580000e+000, 2.6807687e-001
1.5590000e+000, 2.6901078e-001
1.5599999e+000, 2.6993138e-001
1.5610000e+000, 2.7083257e-001
1.5620000e+000, 2.7171260e-001
1.5630000e+000, 2.7258092e-001
1.5640000e+000, 2.7344689e-001
1.5650001e+000, 2.7431425e-001
1.5660000e+000, 2.7517363e-001
1.5670000e+000, 2.7601278e-001
1.5680000e+000, 2.7682766e-001
1.5690000e+000, 2.7762967e-001
1.5700001e+000, 2.7843273e-001
1.5710000e+000, 2.7924213e-001
1.5720000e+000, 2.8004697e-001
1.5730000e+000, 2.8083292e-001
1.5740000e+000, 2.8159282e-001
1.5750000e+000, 2.8233415e-001
1.5760000e+000, 2.8306603e-001
1.5770000e+000, 2.8379589e-001
1.5779999e+000, 2.8452706e-001
1.5790000e+000, 2.8526178e-001
1.5800000e+000, 2.8599969e-001
1.5810000e+000, 2.8673497e-001
1.5820000e+000, 2.8746051e-001
1.5829999e+000, 2.8817263e-001
1.5840000e+000, 2.8887281e-001
1.5850000e+000, 2.8956389e-001
1.5860000e+000, 2.9024848e-001
1.5870000e+000, 2.9093075e-001
1.5880001e+000, 2.9161537e-001
1.5890000e+000, 2.9230228e-001
1.5900000e+000, 2.9298192e-001
1.5910000e+000, 2.9364377e-001
1.5920000e+000, 2.9428336e-001
1.5930001e+000, 2.9491165e-001
1.5940000e+000, 2.9554075e-001
1.5950000e+000, 2.9617605e-001
1.5960000e+000, 2.9680702e-001
1.5970000e+000, 2.9742053e-001
1.5980000e+000, 2.9801121e-001
1.5990000e+000, 2.9859105e-001
1.6000000e+000, 2.9917434e-001
1.6010000e+000, 2.9977006e-001
1.6020000e+000, 3.0037451e-001
1.6030000e+000, 3.0098185e-001
1.6040000e+000, 3.0158639e-001
1.6050000e+000, 3.0217871e-001
1.6059999e+000, 3.0275047e-001
1.6070000e+000, 3.0329499e-001
1.6080000e+000, 3.0381060e-001
1.6090000e+000, 3.0429742e-001
1.6100000e+000, 3.0475891e-001
1.6109999e+000, 3.0520833e-001
1.6120000e+000, 3.0566069e-001
1.6130000e+000, 3.0612385e-001
1.6140000e+000, 3.0659127e-001
1.6150000e+000, 3.0705413e-001
1.6160001e+000, 3.0750811e-001
1.6170000e+000, 3.0795619e-001
1.6180000e+000, 3.0840415e-001
1.6190000e+000, 3.0885386e-001
1.6200000e+000, 3.0930045e-001
1.6210001e+000, 3.0973777e-001
1.6220000e+000, 3.1016263e-001
1.6230000e+000, 3.1057891e-001
1.6240000e+000, 3.1098980e-001
1.6250000e+000, 3.1139821e-001
1.6260000e+000, 3.1180328e-001
1.6270000e+000, 3.1220415e-001
1.6280000e+000, 3.1259984e-001
1.6289999e+000, 3.1298906e-001
1.6300000e+000, 3.1337041e-001
1.6310000e+000, 3.1374225e-001
1.6320000e+000, 3.1409994e-001
1.6330000e+000, 3.1443924e-001
1.6339999e+000, 3.1475472e-001
1.6350000e+000, 3.1503639e-001
1.6360000e+000, 3.1527367e-001
1.6370000e+000, 3.1546354e-001
1.6380000e+000, 3.1561831e-001
1.6390001e+000, 3.1575236e-001
1.6400000e+000, 3.1587791e-001
1.6410000e+000, 3.1600258e-001
1.6420000e+000, 3.1613311e-001
1.6430000e+000, 3.1626946e-001
1.6440001e+000, 3.1639731e-001
1.6450000e+000, 3.1649947e-001
1.6460000e+000, 3.1656173e-001
1.6470000e+000, 3.1657758e-001
1.6480000e+000, 3.1654030e-001
1.6490000e+000, 3.1645477e-001
1.6500000e+000, 3.1634775e-001
1.6510000e+000, 3.1624946e-001
1.6520000e+000, 3.1617460e-001
1.6530000e+000, 3.1610495e-001
1.6540000e+000, 3.1601673e-001
1.6550000e+000, 3.1589392e-001
1.6560000e+000, 3.1573537e-001
1.6569999e+000, 3.1554312e-001
1.6580000e+000, 3.1532738e-001
1.6590000e+000, 3.1511831e-001
1.6600000e+000, 3.1494758e-001
1.6610000e+000, 3.1482846e-001
1.6619999e+000, 3.1473291e-001
1.6630000e+000, 3.1462643e-001
1.6640000e+000, 3.1448868e-001
1.6650000e+000, 3.1433055e-001
1.6660000e+000, 3.1416589e-001
1.6670001e+000, 3.1400928e-001
1.6680000e+000, 3.1387246e-001
1.6690000e+000, 3.1376705e-001
1.6700000e+000, 3.1369492e-001
1.6710000e+000, 3.1363526e-001
1.6720001e+000, 3.1356457e-001
1.6730000e+000, 3.1347117e-001
1.6740000e+000, 3.1337079e-001
1.6750000e+000, 3.1328303e-001
1.6760000e+000, 3.1321710e-001
1.6770000e+000, 3.1315935e-001
1.6780000e+000, 3.1309253e-001
1.6790000e+000, 3.1300333e-001
1.6799999e+000, 3.1288701e-001
1.6810000e+000, 3.1273925e-001
1.6820000e+000, 3.1256360e-001
1.6830000e+000, 3.1238008e-001
1.6840000e+000, 3.1221101e-001
1.6849999e+000, 3.1206700e-001
1.6860000e+000, 3.1193167e-001
1.6870000e+000, 3.1178445e-001
1.6880000e+000, 3.1161365e-001
1.6890000e+000, 3.1142399e-001
1.6900001e+000, 3.1122243e-001
1.6910000e+000, 3.1101239e-001
1.6920000e+000, 3.1078738e-001
1.6930000e+000, 3.1054017e-001
1.6940000e+000, 3.1026927e-001
1.6950001e+000, 3.0998763e-001
1.6960000e+000, 3.0971012e-001
1.6970000e+000, 3.0944464e-001
1.6980000e+000, 3.0918294e-001
1.6990000e+000, 3.0891407e-001
1.7000000e+000, 3.0862966e-001
1.7010000e+000, 3.0832446e-001
1.7020000e+000, 3.0799326e-001
1.7029999e+000, 3.0763441e-001
1.7040000e+000, 3.0725399e-001
1.7050000e+000, 3.0685812e-001
1.7060000e+000, 3.0644974e-001
1.7070000e+000, 3.0602178e-001
1.7079999e+000, 3.0556604e-001
1.7090000e+000, 3.0508178e-001
1.7100000e+000, 3.0458272e-001
1.7110000e+000, 3.0408546e-001
1.7120000e+000, 3.0359852e-001
1.7130001e+000, 3.0311286e-001
1.7140000e+000, 3.0261886e-001
1.7150000e+000, 3.0210957e-001
1.7160000e+000, 3.0159050e-001
1.7170000e+000, 3.0106714e-001
1.7180001e+000, 3.0054137e-001
1.7190000e+000, 3.0000690e-001
1.7200000e+000, 2.9945526e-001
1.7210000e+000, 2.9888472e-001
1.7220000e+000, 2.9830521e-001
1.7230000e+000, 2.9772916e-001
1.7240000e+000, 2.9716328e-001
1.7250000e+000, 2.9660177e-001
1.7260000e+000, 2.9603758e-001
1.7270000e+000, 2.9547709e-001
1.7280000e+000, 2.9495284e-001
1.7290000e+000, 2.9450324e-001
1.7300000e+000, 2.9414624e-001
1.7309999e+000, 2.9385832e-001
1.7320000e+000, 2.9361075e-001
1.7330000e+000, 2.9338396e-001
1.7340000e+000, 2.9317969e-001
1.7350000e+000, 2.9300299e-001
1.7359999e+000, 2.9284433e-001
1.7370000e+000, 2.9266191e-001
1.7380000e+000, 2.9240996e-001
1.7390000e+000, 2.9206786e-001
1.7400000e+000, 2.9167047e-001
1.7410001e+000, 2.9126060e-001
1.7420000e+000, 2.9086336e-001
1.7430000e+000, 2.9046184e-001
1.7440000e+000, 2.9003453e-001
1.7450000e+000, 2.8956980e-001
1.7460001e+000, 2.8908011e-001
1.7470000e+000, 2.8858078e-001
1.7480000e+000, 2.8807655e-001
1.7490000e+000, 2.8754911e-001
1.7500000e+000, 2.8697777e-001
1.7510000e+000, 2.8635579e-001
1.7520000e+000, 2.8571224e-001
1.7530000e+000, 2.8507888e-001
1.7539999e+000, 2.8447244e-001
1.7550000e+000, 2.8387383e-001
1.7560000e+000, 2.8325886e-001
1.7570000e+000, 2.8261161e-001
1.7580000e+000, 2.8193414e-001
1.7589999e+000, 2.8123063e-001
1.7600000e+000, 2.8051588e-001
1.7610000e+000, 2.7982593e-001
1.7620000e+000, 2.7920115e-001
1.7630000e+000, 2.7866787e-001
1.7640001e+000, 2.7822590e-001
1.7650000e+000, 2.7787042e-001
1.7660000e+000, 2.7758679e-001
1.7670000e+000, 2.7733657e-001
1.7680000e+000, 2.7707756e-001
1.7690001e+000, 2.7678505e-001
1.7700000e+000, 2.7646971e-001
1.7710000e+000, 2.7614662e-001
1.7720000e+000, 2.7583462e-001
1.7730000e+000, 2.7555779e-001
1.7740000e+000, 2.7534053e-001
1.7750000e+000, 2.7518505e-001
1.7760000e+000, 2.7504283e-001
1.7770000e+000, 2.7485824e-001
1.7780000e+000, 2.7460676e-001
1.7790000e+000, 2.7433187e-001
1.7800000e+000, 2.7408645e-001
1.7810000e+000,-1.2300000e+034
1.7819999e+000,-1.2300000e+034
1.7830000e+000,-1.2300000e+034
1.7840000e+000,-1.2300000e+034
1.7850000e+000,-1.2300000e+034
1.7860000e+000,-1.2300000e+034
1.7869999e+000,-1.2300000e+034
1.7880000e+000,-1.2300000e+034
1.7890000e+000,-1.2300000e+034
1.7900000e+000,-1.2300000e+034
1.7910000e+000,-1.2300000e+034
1.7920001e+000,-1.2300000e+034
1.7930000e+000,-1.2300000e+034
1.7940000e+000,-1.2300000e+034
1.7950000e+000,-1.2300000e+034
1.7960000e+000,-1.2300000e+034
1.7970001e+000,-1.2300000e+034
1.7980000e+000,-1.2300000e+034
1.7990000e+000,-1.2300000e+034
1.8000000e+000,-1.2300000e+034
1.8010000e+000,-1.2300000e+034
1.8020000e+000,-1.2300000e+034
1.8030000e+000,-1.2300000e+034
1.8040000e+000,-1.2300000e+034
1.8049999e+000,-1.2300000e+034
1.8060000e+000,-1.2300000e+034
1.8070000e+000,-1.2300000e+034
1.8080000e+000,-1.2300000e+034
1.8090000e+000,-1.2300000e+034
1.8099999e+000,-1.2300000e+034
1.8110000e+000,-1.2300000e+034
1.8120000e+000,-1.2300000e+034
1.8130000e+000,-1.2300000e+034
1.8140000e+000,-1.2300000e+034
1.8150001e+000,-1.2300000e+034
1.8160000e+000,-1.2300000e+034
1.8170000e+000,-1.2300000e+034
1.8180000e+000, 2.7072221e-001
1.8190000e+000, 2.7073970e-001
1.8200001e+000, 2.7076337e-001
1.8210000e+000, 2.7077332e-001
1.8220000e+000, 2.7074528e-001
1.8230000e+000, 2.7065572e-001
1.8240000e+000, 2.7048934e-001
1.8250000e+000, 2.7023366e-001
1.8260000e+000, 2.6988664e-001
1.8270000e+000, 2.6950517e-001
1.8279999e+000, 2.6917017e-001
1.8290000e+000, 2.6894739e-001
1.8300000e+000, 2.6880392e-001
1.8310000e+000, 2.6866454e-001
1.8320000e+000, 2.6846623e-001
1.8329999e+000, 2.6823300e-001
1.8340000e+000, 2.6802912e-001
1.8350000e+000, 2.6790971e-001
1.8360000e+000, 2.6786429e-001
1.8370000e+000, 2.6784974e-001
1.8380001e+000, 2.6782501e-001
1.8390000e+000, 2.6776820e-001
1.8400000e+000, 2.6766708e-001
1.8410000e+000, 2.6750740e-001
1.8420000e+000, 2.6725700e-001
1.8430001e+000, 2.6687306e-001
1.8440000e+000, 2.6631135e-001
1.8450000e+000, 2.6551285e-001
1.8460000e+000, 2.6440912e-001
1.8470000e+000, 2.6294631e-001
1.8480000e+000, 2.6122433e-001
1.8490000e+000, 2.5944716e-001
1.8500000e+000, 2.5780404e-001
1.8510000e+000, 2.5630614e-001
1.8520000e+000, 2.5483912e-001
1.8530000e+000, 2.5328726e-001
1.8540000e+000, 2.5156471e-001
1.8550000e+000, 2.4960612e-001
1.8559999e+000, 2.4735357e-001
1.8570000e+000, 2.4485488e-001
1.8580000e+000, 2.4224111e-001
1.8590000e+000, 2.3963881e-001
1.8600000e+000, 2.3703569e-001
1.8609999e+000, 2.3430066e-001
1.8620000e+000, 2.3130356e-001
1.8630000e+000, 2.2800542e-001
1.8640000e+000, 2.2445327e-001
1.8650000e+000, 2.2069691e-001
1.8660001e+000, 2.1680568e-001
1.8670000e+000, 2.1286586e-001
1.8680000e+000, 2.0895915e-001
1.8690000e+000, 2.0505898e-001
1.8700000e+000, 2.0101859e-001
1.8710001e+000, 1.9669165e-001
1.8720000e+000, 1.9201422e-001
1.8730000e+000, 1.8701799e-001
1.8740000e+000, 1.8174349e-001
1.8750000e+000, 1.7629462e-001
1.8760000e+000, 1.7085724e-001
1.8770000e+000, 1.6561759e-001
1.8780000e+000, 1.6058691e-001
1.8789999e+000, 1.5555063e-001
1.8800000e+000, 1.5027975e-001
1.8810000e+000, 1.4469212e-001
1.8820000e+000, 1.3890964e-001
1.8830000e+000, 1.3306698e-001
1.8839999e+000, 1.2728889e-001
1.8850000e+000, 1.2167762e-001
1.8860000e+000, 1.1633518e-001
1.8870000e+000, 1.1130739e-001
1.8880000e+000, 1.0654812e-001
1.8890001e+000, 1.0200495e-001
1.8900000e+000, 9.7633056e-002
1.8910000e+000, 9.3405582e-002
1.8920000e+000, 8.9297391e-002
1.8930000e+000, 8.5304402e-002
1.8940001e+000, 8.1466109e-002
1.8950000e+000, 7.7824861e-002
1.8960000e+000, 7.4411988e-002
1.8970000e+000, 7.1233973e-002
1.8980000e+000, 6.8293467e-002
1.8990000e+000, 6.5607823e-002
1.9000000e+000, 6.3222118e-002
1.9010000e+000, 6.1186329e-002
1.9020000e+000, 5.9498999e-002
1.9030000e+000, 5.8038641e-002
1.9040000e+000, 5.6667320e-002
1.9050000e+000, 5.5303365e-002
1.9060000e+000, 5.4009620e-002
1.9069999e+000, 5.2871305e-002
1.9080000e+000, 5.1931869e-002
1.9090000e+000, 5.1122170e-002
1.9100000e+000, 5.0353311e-002
1.9110000e+000, 4.9564723e-002
1.9119999e+000, 4.8777457e-002
1.9130000e+000, 4.8027642e-002
1.9140000e+000, 4.7340129e-002
1.9150000e+000, 4.6702553e-002
1.9160000e+000, 4.6095397e-002
1.9170001e+000, 4.5515113e-002
1.9180000e+000, 4.5012854e-002
1.9190000e+000, 4.4652037e-002
1.9200000e+000, 4.4470768e-002
1.9210000e+000, 4.4413716e-002
1.9220001e+000, 4.4403497e-002
1.9230000e+000, 4.4375177e-002
1.9240000e+000, 4.4314466e-002
1.9250000e+000, 4.4219963e-002
1.9260000e+000, 4.4096444e-002
1.9270000e+000, 4.3976497e-002
1.9280000e+000, 4.3900192e-002
1.9290000e+000, 4.3893144e-002
1.9299999e+000, 4.3911129e-002
1.9310000e+000, 4.3889187e-002
1.9320000e+000, 4.3786727e-002
1.9330000e+000, 4.3690257e-002
1.9340000e+000, 4.3727133e-002
1.9349999e+000, 4.3996938e-002
1.9360000e+000, 4.4442579e-002
1.9370000e+000, 4.4952009e-002
1.9380000e+000, 4.5421530e-002
1.9390000e+000, 4.5796461e-002
1.9400001e+000, 4.6040885e-002
1.9410000e+000, 4.6130899e-002
1.9420000e+000, 4.6121467e-002
1.9430000e+000, 4.6099830e-002
1.9440000e+000, 4.6148714e-002
1.9450001e+000, 4.6316598e-002
1.9460000e+000, 4.6636999e-002
1.9470000e+000, 4.7127765e-002
1.9480000e+000, 4.7684882e-002
1.9490000e+000, 4.8146188e-002
1.9500000e+000, 4.8367873e-002
1.9510000e+000, 4.8365124e-002
1.9520000e+000, 4.8234448e-002
1.9529999e+000, 4.8072152e-002
1.9540000e+000, 4.7967371e-002
1.9550000e+000, 4.8005149e-002
1.9560000e+000, 4.8258539e-002
1.9570000e+000, 4.8675042e-002
1.9579999e+000, 4.9128249e-002
1.9590000e+000, 4.9501456e-002
1.9600000e+000, 4.9789485e-002
1.9610000e+000, 5.0052762e-002
1.9620000e+000, 5.0349236e-002
1.9630001e+000, 5.0701018e-002
1.9640000e+000, 5.1109105e-002
1.9650000e+000, 5.1572364e-002
1.9660000e+000, 5.2069128e-002
1.9670000e+000, 5.2565712e-002
1.9680001e+000, 5.3032748e-002
1.9690000e+000, 5.3484246e-002
1.9700000e+000, 5.3960368e-002
1.9710000e+000, 5.4496396e-002
1.9720000e+000, 5.5078853e-002
1.9730000e+000, 5.5665407e-002
1.9740000e+000, 5.6215558e-002
1.9750000e+000, 5.6715492e-002
1.9760000e+000, 5.7166625e-002
1.9770000e+000, 5.7573412e-002
1.9780000e+000, 5.7970248e-002
1.9790000e+000, 5.8408692e-002
1.9800000e+000, 5.8936927e-002
1.9809999e+000, 5.9562329e-002
1.9820000e+000, 6.0268592e-002
1.9830000e+000, 6.1035983e-002
1.9840000e+000, 6.1811820e-002
1.9850000e+000, 6.2524587e-002
1.9859999e+000, 6.3110888e-002
1.9870000e+000, 6.3597910e-002
1.9880000e+000, 6.4066365e-002
1.9890000e+000, 6.4591207e-002
1.9900000e+000, 6.5184660e-002
1.9910001e+000, 6.5821581e-002
1.9920000e+000, 6.6476926e-002
1.9930000e+000, 6.7134544e-002
1.9940000e+000, 6.7782745e-002
1.9950000e+000, 6.8411469e-002
1.9960001e+000, 6.9024473e-002
1.9970000e+000, 6.9633543e-002
1.9980000e+000, 7.0249021e-002
1.9990000e+000, 7.0863478e-002
2.0000000e+000, 7.1459346e-002
2.0009999e+000, 7.2024204e-002
2.0020001e+000, 7.2603807e-002
2.0030000e+000, 7.3277429e-002
2.0039999e+000, 7.4112490e-002
2.0050001e+000, 7.5042598e-002
2.0060000e+000, 7.5922236e-002
2.0070000e+000, 7.6616958e-002
2.0079999e+000, 7.7113122e-002
2.0090001e+000, 7.7468641e-002
2.0100000e+000, 7.7744626e-002
2.0109999e+000, 7.8032605e-002
2.0120001e+000, 7.8441665e-002
2.0130000e+000, 7.9067625e-002
2.0139999e+000, 7.9871722e-002
2.0150001e+000, 8.0735758e-002
2.0160000e+000, 8.1546552e-002
2.0170000e+000, 8.2259215e-002
2.0179999e+000, 8.2868963e-002
2.0190001e+000, 8.3375826e-002
2.0200000e+000, 8.3823159e-002
2.0209999e+000, 8.4280185e-002
2.0220001e+000, 8.4811047e-002
2.0230000e+000, 8.5417911e-002
2.0239999e+000, 8.6067893e-002
2.0250001e+000, 8.6731918e-002
2.0260000e+000, 8.7429285e-002
2.0270000e+000, 8.8208169e-002
2.0280001e+000, 8.9109689e-002
2.0290000e+000, 9.0096660e-002
2.0300000e+000, 9.1085061e-002
2.0309999e+000, 9.1998063e-002
2.0320001e+000, 9.2832841e-002
2.0330000e+000, 9.3629926e-002
2.0339999e+000, 9.4425254e-002
2.0350001e+000, 9.5198736e-002
2.0360000e+000, 9.5896780e-002
2.0369999e+000, 9.6473210e-002
2.0380001e+000, 9.6959241e-002
2.0390000e+000, 9.7431690e-002
2.0400000e+000, 9.7956896e-002
2.0409999e+000, 9.8491929e-002
2.0420001e+000, 9.8928347e-002
2.0430000e+000, 9.9168837e-002
2.0439999e+000, 9.9236280e-002
2.0450001e+000, 9.9224649e-002
2.0460000e+000, 9.9225782e-002
2.0469999e+000, 9.9299438e-002
2.0480001e+000, 9.9486940e-002
2.0490000e+000, 9.9821813e-002
2.0500000e+000, 1.0026406e-001
2.0510001e+000, 1.0073005e-001
2.0520000e+000, 1.0114760e-001
2.0530000e+000, 1.0156794e-001
2.0539999e+000, 1.0211541e-001
2.0550001e+000, 1.0290136e-001
2.0560000e+000, 1.0389271e-001
2.0569999e+000, 1.0497163e-001
2.0580001e+000, 1.0602556e-001
2.0590000e+000, 1.0700664e-001
2.0599999e+000, 1.0790469e-001
2.0610001e+000, 1.0870950e-001
2.0620000e+000, 1.0940172e-001
2.0630000e+000, 1.0995529e-001
2.0639999e+000, 1.1035109e-001
2.0650001e+000, 1.1063047e-001
2.0660000e+000, 1.1087056e-001
2.0669999e+000, 1.1114576e-001
2.0680001e+000, 1.1149235e-001
2.0690000e+000, 1.1192445e-001
2.0699999e+000, 1.1245137e-001
2.0710001e+000, 1.1304002e-001
2.0720000e+000, 1.1363199e-001
2.0730000e+000, 1.1417404e-001
2.0739999e+000, 1.1467569e-001
2.0750000e+000, 1.1518340e-001
2.0760000e+000, 1.1573866e-001
2.0769999e+000, 1.1633326e-001
2.0780001e+000, 1.1692950e-001
2.0790000e+000, 1.1749342e-001
2.0799999e+000, 1.1803149e-001
2.0810001e+000, 1.1857529e-001
2.0820000e+000, 1.1915255e-001
2.0829999e+000, 1.1975042e-001
2.0840001e+000, 1.2033286e-001
2.0850000e+000, 1.2086656e-001
2.0860000e+000, 1.2134722e-001
2.0869999e+000, 1.2178882e-001
2.0880001e+000, 1.2220863e-001
2.0890000e+000, 1.2266051e-001
2.0899999e+000, 1.2321920e-001
2.0910001e+000, 1.2395097e-001
2.0920000e+000, 1.2482721e-001
2.0929999e+000, 1.2576321e-001
2.0940001e+000, 1.2667646e-001
2.0950000e+000, 1.2751335e-001
2.0960000e+000, 1.2823649e-001
2.0969999e+000, 1.2881690e-001
2.0980000e+000, 1.2930046e-001
2.0990000e+000, 1.2977818e-001
2.0999999e+000, 1.3033244e-001
2.1010001e+000, 1.3095559e-001
2.1020000e+000, 1.3158683e-001
2.1029999e+000, 1.3216630e-001
2.1040001e+000, 1.3265401e-001
2.1050000e+000, 1.3302171e-001
2.1059999e+000, 1.3325162e-001
2.1070001e+000, 1.3343389e-001
2.1080000e+000, 1.3372169e-001
2.1090000e+000, 1.3425249e-001
2.1099999e+000, 1.3498935e-001
2.1110001e+000, 1.3579215e-001
2.1120000e+000, 1.3652994e-001
2.1129999e+000, 1.3717787e-001
2.1140001e+000, 1.3777351e-001
2.1150000e+000, 1.3835247e-001
2.1159999e+000, 1.3891451e-001
2.1170001e+000, 1.3943934e-001
2.1180000e+000, 1.3990870e-001
2.1190000e+000, 1.4033642e-001
2.1199999e+000, 1.4075409e-001
2.1210001e+000, 1.4119384e-001
2.1220000e+000, 1.4168395e-001
2.1229999e+000, 1.4225055e-001
2.1240001e+000, 1.4291134e-001
2.1250000e+000, 1.4359471e-001
2.1259999e+000, 1.4417593e-001
2.1270001e+000, 1.4454183e-001
2.1280000e+000, 1.4470081e-001
2.1289999e+000, 1.4473270e-001
2.1300001e+000, 1.4471824e-001
2.1310000e+000, 1.4473179e-001
2.1320000e+000, 1.4484456e-001
2.1329999e+000, 1.4511631e-001
2.1340001e+000, 1.4549524e-001
2.1350000e+000, 1.4586282e-001
2.1359999e+000, 1.4611536e-001
2.1370001e+000, 1.4630856e-001
2.1380000e+000, 1.4659245e-001
2.1389999e+000, 1.4709823e-001
2.1400001e+000, 1.4775023e-001
2.1410000e+000, 1.4835025e-001
2.1420000e+000, 1.4871870e-001
2.1429999e+000, 1.4887486e-001
2.1440001e+000, 1.4895652e-001
2.1450000e+000, 1.4909478e-001
2.1459999e+000, 1.4933595e-001
2.1470001e+000, 1.4967640e-001
2.1480000e+000, 1.5011017e-001
2.1489999e+000, 1.5060978e-001
2.1500001e+000, 1.5113489e-001
2.1510000e+000, 1.5164955e-001
2.1520000e+000, 1.5215923e-001
2.1530001e+000, 1.5269390e-001
2.1540000e+000, 1.5328130e-001
2.1550000e+000, 1.5391985e-001
2.1559999e+000, 1.5459077e-001
2.1570001e+000, 1.5527603e-001
2.1580000e+000, 1.5596658e-001
2.1589999e+000, 1.5665911e-001
2.1600001e+000, 1.5734473e-001
2.1610000e+000, 1.5796590e-001
2.1619999e+000, 1.5843622e-001
2.1630001e+000, 1.5868434e-001
2.1640000e+000, 1.5881233e-001
2.1650000e+000, 1.5902358e-001
2.1659999e+000, 1.5949845e-001
2.1670001e+000, 1.6016869e-001
2.1680000e+000, 1.6081898e-001
2.1689999e+000, 1.6125503e-001
2.1700001e+000, 1.6151588e-001
2.1710000e+000, 1.6177909e-001
2.1719999e+000, 1.6220438e-001
2.1730001e+000, 1.6275071e-001
2.1740000e+000, 1.6325955e-001
2.1750000e+000, 1.6358615e-001
2.1760001e+000, 1.6375203e-001
2.1770000e+000, 1.6387653e-001
2.1780000e+000, 1.6407073e-001
2.1789999e+000, 1.6434820e-001
2.1800001e+000, 1.6466372e-001
2.1810000e+000, 1.6497177e-001
2.1819999e+000, 1.6522902e-001
2.1830001e+000, 1.6539231e-001
2.1840000e+000, 1.6542871e-001
2.1849999e+000, 1.6540895e-001
2.1860001e+000, 1.6546412e-001
2.1870000e+000, 1.6571313e-001
2.1880000e+000, 1.6613400e-001
2.1889999e+000, 1.6662227e-001
2.1900001e+000, 1.6708326e-001
2.1910000e+000, 1.6753004e-001
2.1919999e+000, 1.6803440e-001
2.1930001e+000, 1.6865686e-001
2.1940000e+000, 1.6936006e-001
2.1949999e+000, 1.7005663e-001
2.1960001e+000, 1.7066881e-001
2.1970000e+000, 1.7120911e-001
2.1980000e+000, 1.7173229e-001
2.1989999e+000, 1.7227989e-001
2.2000000e+000, 1.7279994e-001
2.2010000e+000, 1.7319883e-001
2.2019999e+000, 1.7340435e-001
2.2030001e+000, 1.7348558e-001
2.2040000e+000, 1.7356914e-001
2.2049999e+000, 1.7376785e-001
2.2060001e+000, 1.7410479e-001
2.2070000e+000, 1.7456923e-001
2.2079999e+000, 1.7513277e-001
2.2090001e+000, 1.7566909e-001
2.2100000e+000, 1.7601675e-001
2.2110000e+000, 1.7605028e-001
2.2119999e+000, 1.7583036e-001
2.2130001e+000, 1.7547758e-001
2.2140000e+000, 1.7509918e-001
2.2149999e+000, 1.7473701e-001
2.2160001e+000, 1.7441292e-001
2.2170000e+000, 1.7414016e-001
2.2179999e+000, 1.7389473e-001
2.2190001e+000, 1.7364216e-001
2.2200000e+000, 1.7336300e-001
2.2210000e+000, 1.7310208e-001
2.2219999e+000, 1.7292014e-001
2.2230000e+000, 1.7284964e-001
2.2240000e+000, 1.7281632e-001
2.2249999e+000, 1.7272119e-001
2.2260001e+000, 1.7249118e-001
2.2270000e+000, 1.7214650e-001
2.2279999e+000, 1.7172743e-001
2.2290001e+000, 1.7125955e-001
2.2300000e+000, 1.7072026e-001
2.2309999e+000, 1.7007701e-001
2.2320001e+000, 1.6933379e-001
2.2330000e+000, 1.6860437e-001
2.2340000e+000, 1.6802253e-001
2.2349999e+000, 1.6765317e-001
2.2360001e+000, 1.6737205e-001
2.2370000e+000, 1.6702217e-001
2.2379999e+000, 1.6650765e-001
2.2390001e+000, 1.6588995e-001
2.2400000e+000, 1.6525500e-001
2.2409999e+000, 1.6468637e-001
2.2420001e+000, 1.6426052e-001
2.2430000e+000, 1.6405345e-001
2.2440000e+000, 1.6406915e-001
2.2449999e+000, 1.6415480e-001
2.2460001e+000, 1.6413684e-001
2.2470000e+000, 1.6391823e-001
2.2479999e+000, 1.6355993e-001
2.2490001e+000, 1.6314074e-001
2.2500000e+000, 1.6269942e-001
2.2509999e+000, 1.6219570e-001
2.2520001e+000, 1.6158061e-001
2.2530000e+000, 1.6084455e-001
2.2539999e+000, 1.6004550e-001
2.2550001e+000, 1.5924825e-001
2.2560000e+000, 1.5848473e-001
2.2570000e+000, 1.5773192e-001
2.2579999e+000, 1.5696172e-001
2.2590001e+000, 1.5616913e-001
2.2600000e+000, 1.5538405e-001
2.2609999e+000, 1.5463820e-001
2.2620001e+000, 1.5393811e-001
2.2630000e+000, 1.5325379e-001
2.2639999e+000, 1.5255213e-001
2.2650001e+000, 1.5179336e-001
2.2660000e+000, 1.5092973e-001
2.2670000e+000, 1.4991596e-001
2.2679999e+000, 1.4881475e-001
2.2690001e+000, 1.4782463e-001
2.2700000e+000, 1.4714684e-001
2.2709999e+000, 1.4679910e-001
2.2720001e+000, 1.4658752e-001
2.2730000e+000, 1.4631045e-001
2.2739999e+000, 1.4588478e-001
2.2750001e+000, 1.4535472e-001
2.2760000e+000, 1.4477037e-001
2.2770000e+000, 1.4414822e-001
2.2780001e+000, 1.4347211e-001
2.2790000e+000, 1.4272836e-001
2.2800000e+000, 1.4198855e-001
2.2809999e+000, 1.4140421e-001
2.2820001e+000, 1.4112036e-001
2.2830000e+000, 1.4110592e-001
2.2839999e+000, 1.4117423e-001
2.2850001e+000, 1.4113842e-001
2.2860000e+000, 1.4090084e-001
2.2869999e+000, 1.4043655e-001
2.2880001e+000, 1.3972752e-001
2.2890000e+000, 1.3883278e-001
2.2900000e+000, 1.3787051e-001
2.2909999e+000, 1.3695261e-001
2.2920001e+000, 1.3609286e-001
2.2930000e+000, 1.3523608e-001
2.2939999e+000, 1.3432945e-001
2.2950001e+000, 1.3337867e-001
2.2960000e+000, 1.3242877e-001
2.2969999e+000, 1.3152140e-001
2.2980001e+000, 1.3065718e-001
2.2990000e+000, 1.2981090e-001
2.3000000e+000, 1.2895994e-001
2.3010001e+000, 1.2810004e-001
2.3020000e+000, 1.2723874e-001
2.3030000e+000, 1.2638591e-001
2.3039999e+000, 1.2556818e-001
2.3050001e+000, 1.2482150e-001
2.3060000e+000, 1.2417465e-001
2.3069999e+000, 1.2359091e-001
2.3080001e+000, 1.2300126e-001
2.3090000e+000, 1.2234917e-001
2.3099999e+000, 1.2167855e-001
2.3110001e+000, 1.2107901e-001
2.3120000e+000, 1.2062924e-001
2.3130000e+000, 1.2033005e-001
2.3139999e+000, 1.2014774e-001
2.3150001e+000, 1.2005021e-001
2.3160000e+000, 1.2001534e-001
2.3169999e+000, 1.2002517e-001
2.3180001e+000, 1.2006561e-001
2.3190000e+000, 1.2014979e-001
2.3199999e+000, 1.2030049e-001
2.3210001e+000, 1.2052208e-001
2.3220000e+000, 1.2071685e-001
2.3230000e+000, 1.2075230e-001
2.3239999e+000, 1.2052298e-001
2.3250000e+000, 1.2006031e-001
2.3260000e+000, 1.1943936e-001
2.3269999e+000, 1.1875521e-001
2.3280001e+000, 1.1819574e-001
2.3290000e+000, 1.1797650e-001
2.3299999e+000, 1.1822414e-001
2.3310001e+000, 1.1868034e-001
2.3320000e+000, 1.1898254e-001
2.3329999e+000, 1.1886260e-001
2.3340001e+000, 1.1843076e-001
2.3350000e+000, 1.1789165e-001
2.3360000e+000, 1.1739944e-001
2.3369999e+000, 1.1690278e-001
2.3380001e+000, 1.1629940e-001
2.3390000e+000, 1.1552092e-001
2.3399999e+000, 1.1463478e-001
2.3410001e+000, 1.1374188e-001
2.3420000e+000, 1.1292301e-001
2.3429999e+000, 1.1217938e-001
2.3440001e+000, 1.1149131e-001
2.3450000e+000, 1.1085708e-001
2.3460000e+000, 1.1034659e-001
2.3469999e+000, 1.1004703e-001
2.3480000e+000, 1.0999367e-001
2.3490000e+000, 1.1001355e-001
2.3499999e+000, 1.0988146e-001
2.3510001e+000, 1.0943361e-001
2.3520000e+000, 1.0875150e-001
2.3529999e+000, 1.0797831e-001
2.3540001e+000, 1.0723002e-001
2.3550000e+000, 1.0651559e-001
2.3559999e+000, 1.0581782e-001
2.3570001e+000, 1.0513923e-001
2.3580000e+000, 1.0456533e-001
2.3590000e+000, 1.0420150e-001
2.3599999e+000, 1.0410774e-001
2.3610001e+000, 1.0415924e-001
2.3620000e+000, 1.0418501e-001
2.3629999e+000, 1.0407705e-001
2.3640001e+000, 1.0397712e-001
2.3650000e+000, 1.0408997e-001
2.3659999e+000, 1.0450729e-001
2.3670001e+000, 1.0486928e-001
2.3680000e+000, 1.0470369e-001
2.3690000e+000, 1.0370310e-001
2.3699999e+000, 1.0222345e-001
2.3710001e+000, 1.0078498e-001
2.3720000e+000, 9.9779755e-002
2.3729999e+000, 9.9085085e-002
2.3740001e+000, 9.8449335e-002
2.3750000e+000, 9.7693704e-002
2.3759999e+000, 9.6932516e-002
2.3770001e+000, 9.6352614e-002
2.3780000e+000, 9.6088946e-002
2.3789999e+000, 9.6069045e-002
2.3800001e+000, 9.6168146e-002
2.3810000e+000, 9.6273340e-002
2.3820000e+000, 9.6318521e-002
2.3829999e+000, 9.6249141e-002
2.3840001e+000, 9.6013077e-002
2.3850000e+000, 9.5566943e-002
2.3859999e+000, 9.4870247e-002
2.3870001e+000, 9.3911365e-002
2.3880000e+000, 9.2796624e-002
2.3889999e+000, 9.1661669e-002
2.3900001e+000, 9.0610966e-002
2.3910000e+000, 8.9620411e-002
2.3920000e+000, 8.8634074e-002
2.3929999e+000, 8.7632343e-002
2.3940001e+000, 8.6737849e-002
2.3950000e+000, 8.6109035e-002
2.3959999e+000, 8.5827760e-002
2.3970001e+000, 8.5667334e-002
2.3980000e+000, 8.5324571e-002
2.3989999e+000, 8.4610924e-002
2.4000001e+000, 8.3799340e-002
2.4010000e+000, 8.3278067e-002
2.4020000e+000, 8.3305694e-002
2.4030001e+000, 8.3624966e-002
2.4040000e+000, 8.3849661e-002
2.4050000e+000, 8.3696768e-002
2.4059999e+000, 8.3296143e-002
2.4070001e+000, 8.2881019e-002
2.4080000e+000, 8.2639731e-002
2.4089999e+000, 8.2581848e-002
2.4100001e+000, 8.2672402e-002
2.4110000e+000, 8.2835399e-002
2.4119999e+000, 8.2831405e-002
2.4130001e+000, 8.2380287e-002
2.4140000e+000, 8.1293859e-002
2.4150000e+000, 7.9751864e-002
2.4159999e+000, 7.8027211e-002
2.4170001e+000, 7.6351419e-002
2.4180000e+000, 7.4796692e-002
2.4189999e+000, 7.3394522e-002
2.4200001e+000, 7.2181739e-002
2.4210000e+000, 7.1209885e-002
2.4219999e+000, 7.0534773e-002
2.4230001e+000, 7.0173144e-002
2.4240000e+000, 6.9983102e-002
2.4250000e+000, 6.9783397e-002
2.4260001e+000, 6.9433205e-002
2.4270000e+000, 6.8952873e-002
2.4280000e+000, 6.8403184e-002
2.4289999e+000, 6.7825601e-002
2.4300001e+000, 6.7185789e-002
2.4310000e+000, 6.6429876e-002
2.4319999e+000, 6.5519191e-002
2.4330001e+000, 6.4476736e-002
2.4340000e+000, 6.3340440e-002
2.4349999e+000, 6.2156979e-002
2.4360001e+000, 6.1010193e-002
2.4370000e+000, 5.9992272e-002
2.4380000e+000, 5.9181020e-002
2.4389999e+000, 5.8596250e-002
2.4400001e+000, 5.8243472e-002
2.4410000e+000, 5.8136217e-002
2.4419999e+000, 5.8321457e-002
2.4430001e+000, 5.8854371e-002
2.4440000e+000, 5.9710689e-002
2.4449999e+000, 6.0548220e-002
2.4460001e+000, 6.0944650e-002
2.4470000e+000,-1.2300000e+034
2.4480000e+000,-1.2300000e+034
2.4489999e+000,-1.2300000e+034
2.4500000e+000,-1.2300000e+034
2.4510000e+000,-1.2300000e+034
2.4519999e+000,-1.2300000e+034
2.4530001e+000,-1.2300000e+034
2.4540000e+000,-1.2300000e+034
2.4549999e+000,-1.2300000e+034
2.4560001e+000,-1.2300000e+034
2.4570000e+000,-1.2300000e+034
2.4579999e+000,-1.2300000e+034
2.4590001e+000,-1.2300000e+034
2.4600000e+000,-1.2300000e+034
2.4610000e+000,-1.2300000e+034
2.4619999e+000,-1.2300000e+034
2.4630001e+000,-1.2300000e+034
2.4640000e+000,-1.2300000e+034
2.4649999e+000,-1.2300000e+034
2.4660001e+000,-1.2300000e+034
2.4670000e+000,-1.2300000e+034
2.4679999e+000,-1.2300000e+034
2.4690001e+000,-1.2300000e+034
2.4700000e+000,-1.2300000e+034
2.4710000e+000,-1.2300000e+034
2.4719999e+000,-1.2300000e+034
2.4730000e+000,-1.2300000e+034
2.4740000e+000,-1.2300000e+034
2.4749999e+000,-1.2300000e+034
2.4760001e+000,-1.2300000e+034
2.4770000e+000,-1.2300000e+034
2.4779999e+000,-1.2300000e+034
2.4790001e+000,-1.2300000e+034
2.4800000e+000,-1.2300000e+034
2.4809999e+000,-1.2300000e+034
2.4820001e+000,-1.2300000e+034
2.4830000e+000,-1.2300000e+034
2.4840000e+000,-1.2300000e+034
2.4849999e+000,-1.2300000e+034
2.4860001e+000,-1.2300000e+034
2.4870000e+000,-1.2300000e+034
2.4879999e+000,-1.2300000e+034
2.4890001e+000,-1.2300000e+034
2.4900000e+000,-1.2300000e+034
2.4909999e+000,-1.2300000e+034
2.4920001e+000,-1.2300000e+034
2.4930000e+000,-1.2300000e+034
2.4940000e+000,-1.2300000e+034
2.4949999e+000,-1.2300000e+034
2.4960001e+000,-1.2300000e+034
2.4970000e+000,-1.2300000e+034
2.4979999e+000,-1.2300000e+034
2.4990001e+000,-1.2300000e+034
2.5000000e+000,-1.2300000e+034