Wavelength (Î¼m), Reflectance
4.000000000000000222e-01,8.384812892296185372e-02
4.020020020020020346e-01,8.422006450931759924e-02
4.040040040040040470e-01,8.448470077138080236e-02
4.060060060060060039e-01,8.473667309055438190e-02
4.080080080080080163e-01,8.502475450418646441e-02
4.100100100100100287e-01,8.505297072431748651e-02
4.120120120120120411e-01,8.521776097328048749e-02
4.140140140140140534e-01,8.540152126304308144e-02
4.160160160160160103e-01,8.550702502225231150e-02
4.180180180180180227e-01,8.554521430854009068e-02
4.200200200200200351e-01,8.560866166208465355e-02
4.220220220220220475e-01,8.568067155597844375e-02
4.240240240240240599e-01,8.583664955774608640e-02
4.260260260260260723e-01,8.588379885533464764e-02
4.280280280280280292e-01,8.592973954447484519e-02
4.300300300300300416e-01,8.606659799718212323e-02
4.320320320320320540e-01,8.605174923776533202e-02
4.340340340340340664e-01,8.603130493361715869e-02
4.360360360360360787e-01,8.602992365236269978e-02
4.380380380380380911e-01,8.596304253023348552e-02
4.400400400400400480e-01,8.588949259689084015e-02
4.420420420420420604e-01,8.580229097266235672e-02
4.440440440440440728e-01,8.569686879838829541e-02
4.460460460460460852e-01,8.565724022771242785e-02
4.480480480480480976e-01,8.565334675971067457e-02
4.500500500500500545e-01,8.560289142650105709e-02
4.520520520520520669e-01,8.556349382146272164e-02
4.540540540540540793e-01,8.570518965508107379e-02
4.560560560560560917e-01,8.590583544326430010e-02
4.580580580580581040e-01,8.582789739871582446e-02
4.600600600600600609e-01,8.578464717561276598e-02
4.620620620620620733e-01,8.588277609832926929e-02
4.640640640640640857e-01,8.591645433779027119e-02
4.660660660660660981e-01,8.595957771596268726e-02
4.680680680680681105e-01,8.591586176286036824e-02
4.700700700700700674e-01,8.580651960940233192e-02
4.720720720720720798e-01,8.570566646175528658e-02
4.740740740740740922e-01,8.559643688443539788e-02
4.760760760760761046e-01,8.549127944250267674e-02
4.780780780780781170e-01,8.535947643830804621e-02
4.800800800800800738e-01,8.530273493016707342e-02
4.820820820820820862e-01,8.512311328310367964e-02
4.840840840840840986e-01,8.492700466183181196e-02
4.860860860860861110e-01,8.468040291156342381e-02
4.880880880880881234e-01,8.443577101571331234e-02
4.900900900900900803e-01,8.414957215400947765e-02
4.920920920920921482e-01,8.380846191685634161e-02
4.940940940940941051e-01,8.351254307588043546e-02
4.960960960960961175e-01,8.316874990531930578e-02
4.980980980980981299e-01,8.287154327289222855e-02
5.001001001001000867e-01,8.249663742848523107e-02
5.021021021021021546e-01,8.218041432021042092e-02
5.041041041041041115e-01,8.187132710098057875e-02
5.061061061061060684e-01,8.162340900953549139e-02
5.081081081081081363e-01,8.141893145650666574e-02
5.101101101101100932e-01,8.137318299062215599e-02
5.121121121121121611e-01,8.134295155337452343e-02
5.141141141141141180e-01,8.148732630016114475e-02
5.161161161161160749e-01,8.160493037356136847e-02
5.181181181181181428e-01,8.185653732943849736e-02
5.201201201201200996e-01,8.225944431573904703e-02
5.221221221221221676e-01,8.265301410933893755e-02
5.241241241241241244e-01,8.295391460216057500e-02
5.261261261261260813e-01,8.334715074465802453e-02
5.281281281281281492e-01,8.370106251229085526e-02
5.301301301301302171e-01,8.390648940182349191e-02
5.321321321321321740e-01,8.414550283974497891e-02
5.341341341341341309e-01,8.430175770038123018e-02
5.361361361361360878e-01,8.444335244966852394e-02
5.381381381381381557e-01,8.457673054264451540e-02
5.401401401401402236e-01,8.477634890374104171e-02
5.421421421421421805e-01,8.488972219921087081e-02
5.441441441441441373e-01,8.501035201910973893e-02
5.461461461461462052e-01,8.509156842490082917e-02
5.481481481481481621e-01,8.502693382140363854e-02
5.501501501501502300e-01,8.509305967808662718e-02
5.521521521521521869e-01,8.508579319137341002e-02
5.541541541541541438e-01,8.503464910678831812e-02
5.561561561561562117e-01,8.502232330785491898e-02
5.581581581581581686e-01,8.489749866791498900e-02
5.601601601601602365e-01,8.490476412396438799e-02
5.621621621621621934e-01,8.479754386189608528e-02
5.641641641641641503e-01,8.463906217276923050e-02
5.661661661661662182e-01,8.439636317127849341e-02
5.681681681681681750e-01,8.415444110208615547e-02
5.701701701701702429e-01,8.392580019180333195e-02
5.721721721721721998e-01,8.366074653915370196e-02
5.741741741741741567e-01,8.342993536785586750e-02
5.761761761761762246e-01,8.315633534064463539e-02
5.781781781781781815e-01,8.297045882866498079e-02
5.801801801801802494e-01,8.274000482871038398e-02
5.821821821821822063e-01,8.254389533272812884e-02
5.841841841841841632e-01,8.240201147393837189e-02
5.861861861861862311e-01,8.227441570510085622e-02
5.881881881881881879e-01,8.212219997355565959e-02
5.901901901901902558e-01,8.200338548429021712e-02
5.921921921921922127e-01,8.187498121056600853e-02
5.941941941941941696e-01,8.167154362352943564e-02
5.961961961961962375e-01,8.148441171690870566e-02
5.981981981981981944e-01,8.141150428372252723e-02
6.002002002002002623e-01,8.125100508428657886e-02
6.022022022022022192e-01,8.119522748271643109e-02
6.042042042042041761e-01,8.110821636545041680e-02
6.062062062062062440e-01,8.100348564261269924e-02
6.082082082082082009e-01,8.096834678816819397e-02
6.102102102102102688e-01,8.103623974892326665e-02
6.122122122122122256e-01,8.103215939183372463e-02
6.142142142142141825e-01,8.097061999702231949e-02
6.162162162162162504e-01,8.082071393448238272e-02
6.182182182182182073e-01,8.079032378475174692e-02
6.202202202202202752e-01,8.075105893680473157e-02
6.222222222222222321e-01,8.074556376847061290e-02
6.242242242242241890e-01,8.075478743815116267e-02
6.262262262262262569e-01,8.079257828665183105e-02
6.282282282282282138e-01,8.082045650337076059e-02
6.302302302302302817e-01,8.096091657844674272e-02
6.322322322322322385e-01,8.093388512031408910e-02
6.342342342342341954e-01,8.093897785980887216e-02
6.362362362362362633e-01,8.086914985233031872e-02
6.382382382382382202e-01,8.085010970468177460e-02
6.402402402402402881e-01,8.070727622312229288e-02
6.422422422422422450e-01,8.061800939379723530e-02
6.442442442442442019e-01,8.046373812733717545e-02
6.462462462462462698e-01,8.031709411781330632e-02
6.482482482482483377e-01,8.017724100087211814e-02
6.502502502502502946e-01,8.010080231134686368e-02
6.522522522522522515e-01,8.015287174060992115e-02
6.542542542542542083e-01,8.007567984447178100e-02
6.562562562562562762e-01,8.002679346382352010e-02
6.582582582582583441e-01,7.995307893558872836e-02
6.602602602602603010e-01,7.987367497241913694e-02
6.622622622622622579e-01,7.990212380477904053e-02
6.642642642642642148e-01,7.979987782332312318e-02
6.662662662662662827e-01,7.980070437115655002e-02
6.682682682682683506e-01,7.965578255592389856e-02
6.702702702702703075e-01,7.966513717584226828e-02
6.722722722722722644e-01,7.958734384476832957e-02
6.742742742742742212e-01,7.969138517514665065e-02
6.762762762762762891e-01,7.992374104260427381e-02
6.782782782782783570e-01,8.000268397250480390e-02
6.802802802802803139e-01,8.024059597994695481e-02
6.822822822822822708e-01,8.049725302763618973e-02
6.842842842842842277e-01,8.083886290785445572e-02
6.862862862862862956e-01,8.128503819311286294e-02
6.882882882882883635e-01,8.185937561641190574e-02
6.902902902902903204e-01,8.257079644424757114e-02
6.922922922922922773e-01,8.350671395839050215e-02
6.942942942942942341e-01,8.471050189869065716e-02
6.962962962962963021e-01,8.601555543579712804e-02
6.982982982982983700e-01,8.761271396508873988e-02
7.003003003003003268e-01,8.938294687076944744e-02
7.023023023023022837e-01,9.127017965925068865e-02
7.043043043043043516e-01,9.334711094995944147e-02
7.063063063063063085e-01,9.541429393914543922e-02
7.083083083083083764e-01,9.750667647603351862e-02
7.103103103103103333e-01,9.956625280794197119e-02
7.123123123123122902e-01,1.016555552017695818e-01
7.143143143143143581e-01,1.037857859586630294e-01
7.163163163163163150e-01,1.059191971813347455e-01
7.183183183183183829e-01,1.079232368156836652e-01
7.203203203203203397e-01,1.099115974108281213e-01
7.223223223223222966e-01,1.117993761552956156e-01
7.243243243243243645e-01,1.136618404611580146e-01
7.263263263263263214e-01,1.153069703984093419e-01
7.283283283283283893e-01,1.168954919872958048e-01
7.303303303303303462e-01,1.183200380678502833e-01
7.323323323323323031e-01,1.196683482449630159e-01
7.343343343343343710e-01,1.209450327069404862e-01
7.363363363363363279e-01,1.222237909169000547e-01
7.383383383383383958e-01,1.234730444642856695e-01
7.403403403403403527e-01,1.247100811088133476e-01
7.423423423423423095e-01,1.256875958865717458e-01
7.443443443443443774e-01,1.265791677376535973e-01
7.463463463463464453e-01,1.272882346685141886e-01
7.483483483483484022e-01,1.280188181585535934e-01
7.503503503503503591e-01,1.284700574719284671e-01
7.523523523523523160e-01,1.289444233055206113e-01
7.543543543543543839e-01,1.293502461310663543e-01
7.563563563563564518e-01,1.295874259701629283e-01
7.583583583583584087e-01,1.298512779472526524e-01
7.603603603603603656e-01,1.301374398709121971e-01
7.623623623623623224e-01,1.302982744060945386e-01
7.643643643643643903e-01,1.304962581885833750e-01
7.663663663663664583e-01,1.307301014330230493e-01
7.683683683683684151e-01,1.309125822893565105e-01
7.703703703703703720e-01,1.311454999380914643e-01
7.723723723723723289e-01,1.314405126317263750e-01
7.743743743743743968e-01,1.315205477010800428e-01
7.763763763763764647e-01,1.316025085001795436e-01
7.783783783783784216e-01,1.317942194407746570e-01
7.803803803803803785e-01,1.319416237891093968e-01
7.823823823823823354e-01,1.320492962589912278e-01
7.843843843843844033e-01,1.321211871748081967e-01
7.863863863863864712e-01,1.322168667587399482e-01
7.883883883883884280e-01,1.323176730604422868e-01
7.903903903903903849e-01,1.324694587703758586e-01
7.923923923923923418e-01,1.325982487785760111e-01
7.943943943943944097e-01,1.326560619903484617e-01
7.963963963963964776e-01,1.327993795113830700e-01
7.983983983983984345e-01,1.328594236786327376e-01
8.004004004004003914e-01,1.330732247753877995e-01
8.024024024024023483e-01,1.332136944572577808e-01
8.044044044044044162e-01,1.333134732552390123e-01
8.064064064064064841e-01,1.334738619648055402e-01
8.084084084084084409e-01,1.336343129042694144e-01
8.104104104104103978e-01,1.337622596069398540e-01
8.124124124124123547e-01,1.338878948909620892e-01
8.144144144144144226e-01,1.340268432860420578e-01
8.164164164164164905e-01,1.341734089925357976e-01
8.184184184184184474e-01,1.343254675432287160e-01
8.204204204204204043e-01,1.344727075252782345e-01
8.224224224224223612e-01,1.345949935993977220e-01
8.244244244244244291e-01,1.347271501344143307e-01
8.264264264264264970e-01,1.348334235486553512e-01
8.284284284284284539e-01,1.349152671664842207e-01
8.304304304304304107e-01,1.349797196907358277e-01
8.324324324324324786e-01,1.350339219617299746e-01
8.344344344344344355e-01,1.350878680351892402e-01
8.364364364364365034e-01,1.351395513514649649e-01
8.384384384384384603e-01,1.352073493913274749e-01
8.404404404404404172e-01,1.352795080652704762e-01
8.424424424424424851e-01,1.353504329908044035e-01
8.444444444444444420e-01,1.354063723863986324e-01
8.464464464464465099e-01,1.354523250665074230e-01
8.484484484484484668e-01,1.354918066156887702e-01
8.504504504504504236e-01,1.355376037766761188e-01
8.524524524524524915e-01,1.356048582190380603e-01
8.544544544544544484e-01,1.356832249507048394e-01
8.564564564564565163e-01,1.357948761155452488e-01
8.584584584584584732e-01,1.359184037907798792e-01
8.604604604604604301e-01,1.360914382507086851e-01
8.624624624624624980e-01,1.363078928885062269e-01
8.644644644644644549e-01,1.365086967237734983e-01
8.664664664664665228e-01,1.366545456102537248e-01
8.684684684684684797e-01,1.367539541981642459e-01
8.704704704704704366e-01,1.367940834040048681e-01
8.724724724724725045e-01,1.367867611929475258e-01
8.744744744744745724e-01,1.367452215761415235e-01
8.764764764764765292e-01,1.366823463079809842e-01
8.784784784784784861e-01,1.366139797536275735e-01
8.804804804804804430e-01,1.365629015094659837e-01
8.824824824824825109e-01,1.365334786883644624e-01
8.844844844844845788e-01,1.365353950022350216e-01
8.864864864864865357e-01,1.365617372024838794e-01
8.884884884884884926e-01,1.366472888618546766e-01
8.904904904904904495e-01,1.367813761932797079e-01
8.924924924924925174e-01,1.369691052735073078e-01
8.944944944944945853e-01,1.371852841917064469e-01
8.964964964964965422e-01,1.374126365873497568e-01
8.984984984984984990e-01,1.376451931220973313e-01
9.005005005005005669e-01,1.378487062364228966e-01
9.025025025025025238e-01,1.380238283255552090e-01
9.045045045045044807e-01,1.381710575131907814e-01
9.065065065065065486e-01,1.382893007683137776e-01
9.085085085085085055e-01,1.383958335136794005e-01
9.105105105105105734e-01,1.384974840796558970e-01
9.125125125125125303e-01,1.385740191852496972e-01
9.145145145145144872e-01,1.386308109985160963e-01
9.165165165165165551e-01,1.386701599809073981e-01
9.185185185185185119e-01,1.387217172448081404e-01
9.205205205205205798e-01,1.387691653286850513e-01
9.225225225225225367e-01,1.388041237705506525e-01
9.245245245245244936e-01,1.388288596092038529e-01
9.265265265265265615e-01,1.388593057003912890e-01
9.285285285285285184e-01,1.388447332051265248e-01
9.305305305305305863e-01,1.387877735662602641e-01
9.325325325325325432e-01,1.387024969719727052e-01
9.345345345345345001e-01,1.385987514473444870e-01
9.365365365365365680e-01,1.384722504040871438e-01
9.385385385385385248e-01,1.383108913240704285e-01
9.405405405405405928e-01,1.381544215832164191e-01
9.425425425425425496e-01,1.379949019657046860e-01
9.445445445445445065e-01,1.378350231367227452e-01
9.465465465465465744e-01,1.376839582014237617e-01
9.485485485485485313e-01,1.375256510533077181e-01
9.505505505505505992e-01,1.373697402866825290e-01
9.525525525525525561e-01,1.372516673740576953e-01
9.545545545545546240e-01,1.371555475558671466e-01
9.565565565565565809e-01,1.370803780167164920e-01
9.585585585585585378e-01,1.369870303017187707e-01
9.605605605605606057e-01,1.369455356930319168e-01
9.625625625625625625e-01,1.368809554303906661e-01
9.645645645645646304e-01,1.368327449482145963e-01
9.665665665665665873e-01,1.367458056843529057e-01
9.685685685685685442e-01,1.366274091130279256e-01
9.705705705705706121e-01,1.364712994234947574e-01
9.725725725725725690e-01,1.363015633979629271e-01
9.745745745745746369e-01,1.361811105336714900e-01
9.765765765765765938e-01,1.360573590013366418e-01
9.785785785785785507e-01,1.359462099990196016e-01
9.805805805805806186e-01,1.358374738490419342e-01
9.825825825825825754e-01,1.357082794099391532e-01
9.845845845845846434e-01,1.356086347293786465e-01
9.865865865865866002e-01,1.355127256530605229e-01
9.885885885885885571e-01,1.353670197236996331e-01
9.905905905905906250e-01,1.351823526867593772e-01
9.925925925925925819e-01,1.350528513265930597e-01
9.945945945945946498e-01,1.350799781654075660e-01
9.965965965965966067e-01,1.351641989761927509e-01
9.985985985985985636e-01,1.352343992420758090e-01
1.000600600600600742e+00,1.354453454293032544e-01
1.002602602602602477e+00,1.355708106609823937e-01
1.004604604604604656e+00,1.356131997099762065e-01
1.006606606606606613e+00,1.356879349479932773e-01
1.008608608608608570e+00,1.357737297103063234e-01
1.010610610610610749e+00,1.358984545450797332e-01
1.012612612612612484e+00,1.360330046838550688e-01
1.014614614614614663e+00,1.361762536166956084e-01
1.016616616616616620e+00,1.363217878643255832e-01
1.018618618618618576e+00,1.364689352102554654e-01
1.020620620620620755e+00,1.366138847048948557e-01
1.022622622622622490e+00,1.367614984972335690e-01
1.024624624624624669e+00,1.369124884797933428e-01
1.026626626626626626e+00,1.370877354335860721e-01
1.028628628628628583e+00,1.372678378789551901e-01
1.030630630630630762e+00,1.374285057289759138e-01
1.032632632632632497e+00,1.375659726524096627e-01
1.034634634634634676e+00,1.376406952723496502e-01
1.036636636636636633e+00,1.377087835674996041e-01
1.038638638638638589e+00,1.378390415946076364e-01
1.040640640640640768e+00,1.380251432730899841e-01
1.042642642642642503e+00,1.382389554934052300e-01
1.044644644644644682e+00,1.384450291579945869e-01
1.046646646646646639e+00,1.386287167913597684e-01
1.048648648648648596e+00,1.388485890646576348e-01
1.050650650650650775e+00,1.391157718720231473e-01
1.052652652652652510e+00,1.393648166105080355e-01
1.054654654654654689e+00,1.395343466839329694e-01
1.056656656656656645e+00,1.396563566257405520e-01
1.058658658658658602e+00,1.397679929331565041e-01
1.060660660660660781e+00,1.398977602929142305e-01
1.062662662662662516e+00,1.400326183838347116e-01
1.064664664664664695e+00,1.401683824322614569e-01
1.066666666666666652e+00,1.402968196050291549e-01
1.068668668668668609e+00,1.404124050465300200e-01
1.070670670670670788e+00,1.405144782442517282e-01
1.072672672672672523e+00,1.406057254995922712e-01
1.074674674674674701e+00,1.406872901134150200e-01
1.076676676676676658e+00,1.407458940750347109e-01
1.078678678678678615e+00,1.407967086586757732e-01
1.080680680680680794e+00,1.408488180244487353e-01
1.082682682682682751e+00,1.409213644009017774e-01
1.084684684684684708e+00,1.410085869213566490e-01
1.086686686686686665e+00,1.411045716449671472e-01
1.088688688688688622e+00,1.411468034083796508e-01
1.090690690690690801e+00,1.411400730273394966e-01
1.092692692692692757e+00,1.411345303738975598e-01
1.094694694694694714e+00,1.411672205282655801e-01
1.096696696696696671e+00,1.412064417690535589e-01
1.098698698698698628e+00,1.412113436554796875e-01
1.100700700700700807e+00,1.411425360247104133e-01
1.102702702702702764e+00,1.410451827668499913e-01
1.104704704704704721e+00,1.409929467863321739e-01
1.106706706706706678e+00,1.409977509487425618e-01
1.108708708708708635e+00,1.410150968754754763e-01
1.110710710710710813e+00,1.410164611993760531e-01
1.112712712712712770e+00,1.409948221147865888e-01
1.114714714714714727e+00,1.409701016912253135e-01
1.116716716716716684e+00,1.409571995423336555e-01
1.118718718718718641e+00,1.409434749294612710e-01
1.120720720720720820e+00,1.408938369755881881e-01
1.122722722722722777e+00,1.407895080221702178e-01
1.124724724724724734e+00,1.406288255148983035e-01
1.126726726726726691e+00,1.403894094923534841e-01
1.128728728728728647e+00,1.400254403351789967e-01
1.130730730730730826e+00,1.395292794573002038e-01
1.132732732732732783e+00,1.390193931120596027e-01
1.134734734734734740e+00,1.386353917789566736e-01
1.136736736736736919e+00,1.383568396645144249e-01
1.138738738738738654e+00,1.380802676189265832e-01
1.140740740740740833e+00,1.377244986179325115e-01
1.142742742742742790e+00,1.373134658102735384e-01
1.144744744744744747e+00,1.369001574071913307e-01
1.146746746746746926e+00,1.364837609172532273e-01
1.148748748748748660e+00,1.360256435837430555e-01
1.150750750750750839e+00,1.355024466683804607e-01
1.152752752752752796e+00,1.349356227358463889e-01
1.154754754754754753e+00,1.343828435690489209e-01
1.156756756756756932e+00,1.338915297307699259e-01
1.158758758758758667e+00,1.334550709092757192e-01
1.160760760760760846e+00,1.330448002844965283e-01
1.162762762762762803e+00,1.326559800070482298e-01
1.164764764764764760e+00,1.323089150749277021e-01
1.166766766766766938e+00,1.320316661713057393e-01
1.168768768768768673e+00,1.318544921330015995e-01
1.170770770770770852e+00,1.317859320926080824e-01
1.172772772772772809e+00,1.318173525531083912e-01
1.174774774774774766e+00,1.319477085914505521e-01
1.176776776776776945e+00,1.321665357764113258e-01
1.178778778778778680e+00,1.324209289681284596e-01
1.180780780780780859e+00,1.326496099776777182e-01
1.182782782782782816e+00,1.328721810076944343e-01
1.184784784784784772e+00,1.331436925993155773e-01
1.186786786786786951e+00,1.334315856252993870e-01
1.188788788788788686e+00,1.336336159823204861e-01
1.190790790790790865e+00,1.336759914805328020e-01
1.192792792792792822e+00,1.335790273382438664e-01
1.194794794794794779e+00,1.333765293937052565e-01
1.196796796796796958e+00,1.330709757669574778e-01
1.198798798798798693e+00,1.325888406576660739e-01
1.200800800800800872e+00,1.318737435296062355e-01
1.202802802802802828e+00,1.309679494479008277e-01
1.204804804804804785e+00,1.300299773843599516e-01
1.206806806806806964e+00,1.291519577610863723e-01
1.208808808808808699e+00,1.284041440612779805e-01
1.210810810810810878e+00,1.277847840258269640e-01
1.212812812812812835e+00,1.273440432779933684e-01
1.214814814814814792e+00,1.271064818580651123e-01
1.216816816816816971e+00,1.270298889167317813e-01
1.218818818818818706e+00,1.270401294880888765e-01
1.220820820820820884e+00,1.271232988244492268e-01
1.222822822822822841e+00,1.272725175329754987e-01
1.224824824824824798e+00,1.274909731518579503e-01
1.226826826826826977e+00,1.277765751693655527e-01
1.228828828828828712e+00,1.281427756743659385e-01
1.230830830830830891e+00,1.285712487838979734e-01
1.232832832832832848e+00,1.290086811147382329e-01
1.234834834834834805e+00,1.294026185414924868e-01
1.236836836836836984e+00,1.297444075554828880e-01
1.238838838838838718e+00,1.300923471333365888e-01
1.240840840840840897e+00,1.304840100319033525e-01
1.242842842842842854e+00,1.308780348294981133e-01
1.244844844844844811e+00,1.311869475915402317e-01
1.246846846846846990e+00,1.314122373844389402e-01
1.248848848848848725e+00,1.315958229262603751e-01
1.250850850850850904e+00,1.317781880951676698e-01
1.252852852852852861e+00,1.319441204113279698e-01
1.254854854854854818e+00,1.320967275376325467e-01
1.256856856856856997e+00,1.322315884362828542e-01
1.258858858858858731e+00,1.323553385636918878e-01
1.260860860860860910e+00,1.324350237433679078e-01
1.262862862862862867e+00,1.324887938731332537e-01
1.264864864864864824e+00,1.325513910121743910e-01
1.266866866866867003e+00,1.326268641642962265e-01
1.268868868868868738e+00,1.326458497760482913e-01
1.270870870870870917e+00,1.326019043528152697e-01
1.272872872872872874e+00,1.325502356545525950e-01
1.274874874874874831e+00,1.325481270663454170e-01
1.276876876876877009e+00,1.325712034595014077e-01
1.278878878878878744e+00,1.325684188000528230e-01
1.280880880880880923e+00,1.325092901431043080e-01
1.282882882882882880e+00,1.324392579802022019e-01
1.284884884884884837e+00,1.324090055150053957e-01
1.286886886886887016e+00,1.324054812137528681e-01
1.288888888888888751e+00,1.323814404903584929e-01
1.290890890890890930e+00,1.323127592680830300e-01
1.292892892892892887e+00,1.322198065392719557e-01
1.294894894894894843e+00,1.321252877915239932e-01
1.296896896896897022e+00,1.320496042020395666e-01
1.298898898898898757e+00,1.319913168909853662e-01
1.300900900900900936e+00,1.319361492163780847e-01
1.302902902902902893e+00,1.318556750531482968e-01
1.304904904904904850e+00,1.317272982665909364e-01
1.306906906906907029e+00,1.315608555405304303e-01
1.308908908908908764e+00,1.313836108538604663e-01
1.310910910910910943e+00,1.312056677163414564e-01
1.312912912912912899e+00,1.309995900502151367e-01
1.314914914914914856e+00,1.307728843101329808e-01
1.316916916916917035e+00,1.305162423373474045e-01
1.318918918918918770e+00,1.302255172435454189e-01
1.320920920920920949e+00,1.298846436561433282e-01
1.322922922922922906e+00,1.295323731928749722e-01
1.324924924924924863e+00,1.291814950164717479e-01
1.326926926926927042e+00,1.288263024410348512e-01
1.328928928928928777e+00,1.284312641607738559e-01
1.330930930930930955e+00,1.280028869249183743e-01
1.332932932932932912e+00,1.275385703419623651e-01
1.334934934934934869e+00,1.270627180299143677e-01
1.336936936936937048e+00,1.265638103641888446e-01
1.338938938938939005e+00,1.260542540718000704e-01
1.340940940940940962e+00,1.255406281359516263e-01
1.342942942942942919e+00,1.250496827296847524e-01
1.344944944944944876e+00,1.245618290177438470e-01
1.346946946946947055e+00,1.240794095782948026e-01
1.348948948948949011e+00,1.236254297788286910e-01
1.350950950950950968e+00,1.231763320138897222e-01
1.352952952952952925e+00,1.227114274694442730e-01
1.354954954954954882e+00,1.222341646037266583e-01
1.356956956956957061e+00,1.217416995445644995e-01
1.358958958958959018e+00,1.212090757947060227e-01
1.360960960960960975e+00,1.205948578372995073e-01
1.362962962962962932e+00,1.199275986274027650e-01
1.364964964964964889e+00,1.192702227882815325e-01
1.366966966966967068e+00,1.186264899797251637e-01
1.368968968968969024e+00,1.179608662817870079e-01
1.370970970970970981e+00,1.172453232503990195e-01
1.372972972972972938e+00,1.164692394362239064e-01
1.374974974974974895e+00,1.156163015597004018e-01
1.376976976976977074e+00,1.146850232850807061e-01
1.378978978978979031e+00,1.136973921012973676e-01
1.380980980980980988e+00,1.126667213826431369e-01
1.382982982982982945e+00,1.115795650460638666e-01
1.384984984984984902e+00,1.104127656828420290e-01
1.386986986986987080e+00,1.091748242077385245e-01
1.388988988988989037e+00,1.079042606766023454e-01
1.390990990990990994e+00,1.066195043598378855e-01
1.392992992992993173e+00,1.053201699241621686e-01
1.394994994994994908e+00,1.040274242517734982e-01
1.396996996996997087e+00,1.027745894175043639e-01
1.398998998998999044e+00,1.015602830574762194e-01
1.401001001001001001e+00,1.003677770820302906e-01
1.403003003003003180e+00,9.928161417317207804e-02
1.405005005005004914e+00,9.822228852181502656e-02
1.407007007007007093e+00,9.722154350600871464e-02
1.409009009009008828e+00,9.634821105608688818e-02
1.411011011011011007e+00,9.550918222204779484e-02
1.413013013013013186e+00,9.479115955611973343e-02
1.415015015015014921e+00,9.410231595085542800e-02
1.417017017017017100e+00,9.349291709831350494e-02
1.419019019019018835e+00,9.290696220133499994e-02
1.421021021021021014e+00,9.235193782344831848e-02
1.423023023023023192e+00,9.181636953425903469e-02
1.425025025025024927e+00,9.135483400468719095e-02
1.427027027027027106e+00,9.093134241455511080e-02
1.429029029029028841e+00,9.050908479629889147e-02
1.431031031031031020e+00,9.004263208940103957e-02
1.433033033033033199e+00,8.959320047257925135e-02
1.435035035035034934e+00,8.918086711270840905e-02
1.437037037037037113e+00,8.880407989548003145e-02
1.439039039039038848e+00,8.843523902231885392e-02
1.441041041041041026e+00,8.807978328469215357e-02
1.443043043043043205e+00,8.773079710528616793e-02
1.445045045045044940e+00,8.742115204496656022e-02
1.447047047047047119e+00,8.713704451887629987e-02
1.449049049049048854e+00,8.684237372968880986e-02
1.451051051051051033e+00,8.652136950992651843e-02
1.453053053053053212e+00,8.619358382277372832e-02
1.455055055055054947e+00,8.588269042194571212e-02
1.457057057057057126e+00,8.560445509906546013e-02
1.459059059059058860e+00,8.534535189576791803e-02
1.461061061061061039e+00,8.509263600030239627e-02
1.463063063063063218e+00,8.485583145739600264e-02
1.465065065065064953e+00,8.466013286503329405e-02
1.467067067067067132e+00,8.449272960224482598e-02
1.469069069069068867e+00,8.431379545604786307e-02
1.471071071071071046e+00,8.410690056599107178e-02
1.473073073073073225e+00,8.391838813435892330e-02
1.475075075075074960e+00,8.377777264949286262e-02
1.477077077077077139e+00,8.368032136512978947e-02
1.479079079079078873e+00,8.361136503930616248e-02
1.481081081081081052e+00,8.355749063805878452e-02
1.483083083083083231e+00,8.351550762210757650e-02
1.485085085085084966e+00,8.349427195378508748e-02
1.487087087087087145e+00,8.348406596334578822e-02
1.489089089089088880e+00,8.348135099884182453e-02
1.491091091091091059e+00,8.348480548283965241e-02
1.493093093093093238e+00,8.349021860616998025e-02
1.495095095095094972e+00,8.347057137774063773e-02
1.497097097097097151e+00,8.343928258444451018e-02
1.499099099099099330e+00,8.344219284805774739e-02
1.501101101101101065e+00,8.351805409901331967e-02
1.503103103103103244e+00,8.365114646170129786e-02
1.505105105105104979e+00,8.381977237237829559e-02
1.507107107107107158e+00,8.399736312368714930e-02
1.509109109109109337e+00,8.417038256062620016e-02
1.511111111111111072e+00,8.432468632809207720e-02
1.513113113113113251e+00,8.448801455514090564e-02
1.515115115115114985e+00,8.469129711163458918e-02
1.517117117117117164e+00,8.494587932449754186e-02
1.519119119119119343e+00,8.518876913868050904e-02
1.521121121121121078e+00,8.538448145792364163e-02
1.523123123123123257e+00,8.556474214328035899e-02
1.525125125125124992e+00,8.578401728089912748e-02
1.527127127127127171e+00,8.603562456805606551e-02
1.529129129129129350e+00,8.630533749235273777e-02
1.531131131131131085e+00,8.656436031722963831e-02
1.533133133133133263e+00,8.680554901850340288e-02
1.535135135135134998e+00,8.702276601564871983e-02
1.537137137137137177e+00,8.724623466505329605e-02
1.539139139139139356e+00,8.748916332829023701e-02
1.541141141141141091e+00,8.777136923002616664e-02
1.543143143143143270e+00,8.806493010532433219e-02
1.545145145145145005e+00,8.832930737347709227e-02
1.547147147147147184e+00,8.854941205284065642e-02
1.549149149149149363e+00,8.877941544920923966e-02
1.551151151151151097e+00,8.905112100567923183e-02
1.553153153153153276e+00,8.936564406395623716e-02
1.555155155155155011e+00,8.971303131044663925e-02
1.557157157157157190e+00,9.007871490643265533e-02
1.559159159159159369e+00,9.040886133560033233e-02
1.561161161161161104e+00,9.067918889373334512e-02
1.563163163163163283e+00,9.090822660628773699e-02
1.565165165165165018e+00,9.113679513751958561e-02
1.567167167167167197e+00,9.137530171103094845e-02
1.569169169169169376e+00,9.163056813741086992e-02
1.571171171171171110e+00,9.189834410229624773e-02
1.573173173173173289e+00,9.218087308469946617e-02
1.575175175175175024e+00,9.247215680627202117e-02
1.577177177177177203e+00,9.278671089951151529e-02
1.579179179179179382e+00,9.311531504723562225e-02
1.581181181181181117e+00,9.344760048339106895e-02
1.583183183183183296e+00,9.377130990823213941e-02
1.585185185185185031e+00,9.408380280358225045e-02
1.587187187187187210e+00,9.438122498169292107e-02
1.589189189189189388e+00,9.466556392157593480e-02
1.591191191191191123e+00,9.494470761794145119e-02
1.593193193193193302e+00,9.523011367419435824e-02
1.595195195195195037e+00,9.552060151327165793e-02
1.597197197197197216e+00,9.581415446539043312e-02
1.599199199199199395e+00,9.611469325873626957e-02
1.601201201201201130e+00,9.643105752531527797e-02
1.603203203203203309e+00,9.675041766318571990e-02
1.605205205205205043e+00,9.706369232949665915e-02
1.607207207207207222e+00,9.736633357582033521e-02
1.609209209209209401e+00,9.765431755341438813e-02
1.611211211211211136e+00,9.793780974993950006e-02
1.613213213213213315e+00,9.823088558265601067e-02
1.615215215215215050e+00,9.853090514127280097e-02
1.617217217217217229e+00,9.882156201126678086e-02
1.619219219219219408e+00,9.910593683389438968e-02
1.621221221221221143e+00,9.939038389416621211e-02
1.623223223223223322e+00,9.967288638594035133e-02
1.625225225225225056e+00,9.993449153836216070e-02
1.627227227227227235e+00,1.001687221061989819e-01
1.629229229229229414e+00,1.003723226499278059e-01
1.631231231231231149e+00,1.005799327585073649e-01
1.633233233233233328e+00,1.008171946765642341e-01
1.635235235235235063e+00,1.010869672625553384e-01
1.637237237237237242e+00,1.013332429046289590e-01
1.639239239239239421e+00,1.015400999592832310e-01
1.641241241241241156e+00,1.017016941720949169e-01
1.643243243243243334e+00,1.018331572934551427e-01
1.645245245245245069e+00,1.019411325800815837e-01
1.647247247247247248e+00,1.020396130415818503e-01
1.649249249249249427e+00,1.021156432419487864e-01
1.651251251251251162e+00,1.021837764262703147e-01
1.653253253253253341e+00,1.022722549556668303e-01
1.655255255255255076e+00,1.023655454961670402e-01
1.657257257257257255e+00,1.024234720752313088e-01
1.659259259259259434e+00,1.024531221582358348e-01
1.661261261261261168e+00,1.024904357429833324e-01
1.663263263263263347e+00,1.025360558661185945e-01
1.665265265265265082e+00,1.025587747198010991e-01
1.667267267267267261e+00,1.025409260077550788e-01
1.669269269269269440e+00,1.024880690920086518e-01
1.671271271271271175e+00,1.024281226565436909e-01
1.673273273273273354e+00,1.023909769365334704e-01
1.675275275275275089e+00,1.023567403158877342e-01
1.677277277277277268e+00,1.022848105465206103e-01
1.679279279279279447e+00,1.021851421988045905e-01
1.681281281281281181e+00,1.020939364007425049e-01
1.683283283283283360e+00,1.020118950847094808e-01
1.685285285285285095e+00,1.019306322162422396e-01
1.687287287287287274e+00,1.018551984996660109e-01
1.689289289289289453e+00,1.018131834982372030e-01
1.691291291291291188e+00,1.017807486918509280e-01
1.693293293293293367e+00,1.017183347208162475e-01
1.695295295295295102e+00,1.016333393556485831e-01
1.697297297297297280e+00,1.015560111058931708e-01
1.699299299299299459e+00,1.014666330527720928e-01
1.701301301301301194e+00,1.013306898074616547e-01
1.703303303303303373e+00,1.011654164586205662e-01
1.705305305305305108e+00,1.010287876859373157e-01
1.707307307307307287e+00,1.009235643043351616e-01
1.709309309309309466e+00,1.008125314678721129e-01
1.711311311311311201e+00,1.006997881689974672e-01
1.713313313313313380e+00,1.006033615934096709e-01
1.715315315315315114e+00,1.005110062113624692e-01
1.717317317317317293e+00,1.003734579949700778e-01
1.719319319319319472e+00,1.002008834266853582e-01
1.721321321321321207e+00,1.000238672365230813e-01
1.723323323323323386e+00,9.988314747412244121e-02
1.725325325325325121e+00,9.981474610514098900e-02
1.727327327327327300e+00,9.980253514285775118e-02
1.729329329329329479e+00,9.980114257648317611e-02
1.731331331331331214e+00,9.979675537943033525e-02
1.733333333333333393e+00,9.977111252367169836e-02
1.735335335335335127e+00,9.974187244527682461e-02
1.737337337337337306e+00,9.971667683738130727e-02
1.739339339339339485e+00,9.969258880489663410e-02
1.741341341341341220e+00,9.967718303688262449e-02
1.743343343343343399e+00,9.967212475563504148e-02
1.745345345345345134e+00,9.968448347889596883e-02
1.747347347347347313e+00,9.969685187575683116e-02
1.749349349349349492e+00,9.968273351489556622e-02
1.751351351351351227e+00,9.962561639153540149e-02
1.753353353353353405e+00,9.952424155777253589e-02
1.755355355355355584e+00,9.939278526227987576e-02
1.757357357357357319e+00,9.924484205989712871e-02
1.759359359359359498e+00,9.909748054085185109e-02
1.761361361361361233e+00,9.896839021243360179e-02
1.763363363363363412e+00,9.887684140666971877e-02
1.765365365365365591e+00,9.884040336923756442e-02
1.767367367367367326e+00,9.883831011979382630e-02
1.769369369369369505e+00,9.884711198063370063e-02
1.771371371371371239e+00,9.886379045821000466e-02
1.773373373373373418e+00,9.889350012048528371e-02
1.775375375375375597e+00,9.891075268863874781e-02
1.777377377377377332e+00,9.888926117631023638e-02
1.779379379379379511e+00,9.886169581063661282e-02
1.781381381381381246e+00,9.889335228334855676e-02
1.783383383383383425e+00,9.896686370271619293e-02
1.785385385385385604e+00,9.900260713453847006e-02
1.787387387387387339e+00,9.902234089175575293e-02
1.789389389389389518e+00,9.903193669735774196e-02
1.791391391391391252e+00,9.902664907990763044e-02
1.793393393393393431e+00,9.901679710467947704e-02
1.795395395395395610e+00,9.899917330094712420e-02
1.797397397397397345e+00,9.897934128023010147e-02
1.799399399399399524e+00,9.895844031751005465e-02
1.801401401401401259e+00,9.893053930086360970e-02
1.803403403403403438e+00,9.888715386593410761e-02
1.805405405405405617e+00,9.882440932465552663e-02
1.807407407407407351e+00,9.874254449129052369e-02
1.809409409409409530e+00,9.865377730111586640e-02
1.811411411411411265e+00,9.855430410779261741e-02
1.813413413413413444e+00,9.843239561318274655e-02
1.815415415415415623e+00,9.827490093422720785e-02
1.817417417417417358e+00,9.808336262212423440e-02
1.819419419419419537e+00,9.788108421378992341e-02
1.821421421421421272e+00,9.769046081946088089e-02
1.823423423423423451e+00,9.751406653260762114e-02
1.825425425425425630e+00,9.733716056748545342e-02
1.827427427427427364e+00,9.715272128829895160e-02
1.829429429429429543e+00,9.697189543202992812e-02
1.831431431431431278e+00,9.668676686715421686e-02
1.833433433433433457e+00,9.652256597720312858e-02
1.835435435435435636e+00,9.634564002153971074e-02
1.837437437437437371e+00,9.612654267640685646e-02
1.839439439439439550e+00,9.585745919865430731e-02
1.841441441441441285e+00,9.554902981438073706e-02
1.843443443443443464e+00,9.521281189997504724e-02
1.845445445445445642e+00,9.486711738849354369e-02
1.847447447447447377e+00,9.450632265501959783e-02
1.849449449449449556e+00,9.412068747833647608e-02
1.851451451451451291e+00,9.371043007813240067e-02
1.853453453453453470e+00,9.326243520037255652e-02
1.855455455455455649e+00,9.273749853501335461e-02
1.857457457457457384e+00,9.210398096593096218e-02
1.859459459459459563e+00,9.140023274315133006e-02
1.861461461461461298e+00,9.068288946300720466e-02
1.863463463463463476e+00,8.993967742360867157e-02
1.865465465465465655e+00,8.914576291854567347e-02
1.867467467467467390e+00,8.831390812576800364e-02
1.869469469469469569e+00,8.746360431282736159e-02
1.871471471471471304e+00,8.657665101129345675e-02
1.873473473473473483e+00,8.563693654614119855e-02
1.875475475475475662e+00,8.464195859944817490e-02
1.877477477477477397e+00,8.361510402883959303e-02
1.879479479479479576e+00,8.256366172760204458e-02
1.881481481481481310e+00,8.147012518361357314e-02
1.883483483483483489e+00,8.032820794041686807e-02
1.885485485485485668e+00,7.916206086162563826e-02
1.887487487487487403e+00,7.799907902569330753e-02
1.889489489489489582e+00,7.686177344925849975e-02
1.891491491491491317e+00,7.576506421390624690e-02
1.893493493493493496e+00,7.471264384746750808e-02
1.895495495495495675e+00,7.371910474364365418e-02
1.897497497497497410e+00,7.281209882595041094e-02
1.899499499499499588e+00,7.198034901912062078e-02
1.901501501501501323e+00,7.120018155955687433e-02
1.903503503503503502e+00,7.047876132660013671e-02
1.905505505505505681e+00,6.983495444494372539e-02
1.907507507507507416e+00,6.926301071615764693e-02
1.909509509509509595e+00,6.873292932023163104e-02
1.911511511511511330e+00,6.824446365192168851e-02
1.913513513513513509e+00,6.782153461022831509e-02
1.915515515515515688e+00,6.745993997196300662e-02
1.917517517517517422e+00,6.714322541156828028e-02
1.919519519519519601e+00,6.685904425025097908e-02
1.921521521521521336e+00,6.660742967925070701e-02
1.923523523523523515e+00,6.639258473299761154e-02
1.925525525525525694e+00,6.622106905747504602e-02
1.927527527527527429e+00,6.609023505059466452e-02
1.929529529529529608e+00,6.599144585345582958e-02
1.931531531531531343e+00,6.591824310752020244e-02
1.933533533533533522e+00,6.587957236732491784e-02
1.935535535535535701e+00,6.589388580266697382e-02
1.937537537537537435e+00,6.595495550217625458e-02
1.939539539539539614e+00,6.603471729319126959e-02
1.941541541541541349e+00,6.610098712847090052e-02
1.943543543543543528e+00,6.617043611741253717e-02
1.945545545545545707e+00,6.622277216397141897e-02
1.947547547547547442e+00,6.625785200593342639e-02
1.949549549549549621e+00,6.627776978728883162e-02
1.951551551551551356e+00,6.629525365056948560e-02
1.953553553553553535e+00,6.638269168132786280e-02
1.955555555555555713e+00,6.648897417446666958e-02
1.957557557557557448e+00,6.657592487904279155e-02
1.959559559559559627e+00,6.670402459518859350e-02
1.961561561561561362e+00,6.679488679907021054e-02
1.963563563563563541e+00,6.692397224614374251e-02
1.965565565565565720e+00,6.700783007617489018e-02
1.967567567567567455e+00,6.706058113099597207e-02
1.969569569569569634e+00,6.709653058635360601e-02
1.971571571571571369e+00,6.715405572097558895e-02
1.973573573573573547e+00,6.725552959278935372e-02
1.975575575575575726e+00,6.735563100587850516e-02
1.977577577577577461e+00,6.746987772600970823e-02
1.979579579579579640e+00,6.759195244176202655e-02
1.981581581581581375e+00,6.770815566551394160e-02
1.983583583583583554e+00,6.782604852534691864e-02
1.985585585585585733e+00,6.795019826411916042e-02
1.987587587587587468e+00,6.808111194935903554e-02
1.989589589589589647e+00,6.823400139486802962e-02
1.991591591591591381e+00,6.838618848333259670e-02
1.993593593593593560e+00,6.850624036405703055e-02
1.995595595595595739e+00,6.858545633671002395e-02
1.997597597597597474e+00,6.866363207690262538e-02
1.999599599599599653e+00,6.874875553467046929e-02
2.001601601601601388e+00,6.882321142147385107e-02
2.003603603603603567e+00,6.889835762508390860e-02
2.005605605605605746e+00,6.897517922418235081e-02
2.007607607607607481e+00,6.901760460550920850e-02
2.009609609609609659e+00,6.909225101392639512e-02
2.011611611611611838e+00,6.918499029732567973e-02
2.013613613613613573e+00,6.925604221178512099e-02
2.015615615615615752e+00,6.931208243067543684e-02
2.017617617617617487e+00,6.938143201414029293e-02
2.019619619619619666e+00,6.943338989966994779e-02
2.021621621621621845e+00,6.943870997283238533e-02
2.023623623623623580e+00,6.941877414234837174e-02
2.025625625625625759e+00,6.941416877372530436e-02
2.027627627627627493e+00,6.943387724227806368e-02
2.029629629629629672e+00,6.947115842266504693e-02
2.031631631631631851e+00,6.950596575248288445e-02
2.033633633633633586e+00,6.952705559246839806e-02
2.035635635635635765e+00,6.953350063522664715e-02
2.037637637637637500e+00,6.951805136817884589e-02
2.039639639639639679e+00,6.947325884590686840e-02
2.041641641641641858e+00,6.942765899971661825e-02
2.043643643643643593e+00,6.939255958579949868e-02
2.045645645645645772e+00,6.936159038275016564e-02
2.047647647647647506e+00,6.934161820078194038e-02
2.049649649649649685e+00,6.933304863512036731e-02
2.051651651651651864e+00,6.932635706565448697e-02
2.053653653653653599e+00,6.931292723996358707e-02
2.055655655655655778e+00,6.931528389455314521e-02
2.057657657657657513e+00,6.932849228544799014e-02
2.059659659659659692e+00,6.934399742368541064e-02
2.061661661661661871e+00,6.935864006670694470e-02
2.063663663663663606e+00,6.937838181537661630e-02
2.065665665665665784e+00,6.943007643265194928e-02
2.067667667667667519e+00,6.948369191881376139e-02
2.069669669669669698e+00,6.952540361744902198e-02
2.071671671671671877e+00,6.957766964487541173e-02
2.073673673673673612e+00,6.965517238938032096e-02
2.075675675675675791e+00,6.972468734867576234e-02
2.077677677677677526e+00,6.978245727632229056e-02
2.079679679679679705e+00,6.986306494751770568e-02
2.081681681681681884e+00,6.996711799406056531e-02
2.083683683683683618e+00,7.004166198442419999e-02
2.085685685685685797e+00,7.014306336799586150e-02
2.087687687687687532e+00,7.027678071683987615e-02
2.089689689689689711e+00,7.044189558822408492e-02
2.091691691691691890e+00,7.062591530876669021e-02
2.093693693693693625e+00,7.076831334417382768e-02
2.095695695695695804e+00,7.092983005331901514e-02
2.097697697697697539e+00,7.109432860237439866e-02
2.099699699699699718e+00,7.129321940320795803e-02
2.101701701701701896e+00,7.147671019421455996e-02
2.103703703703703631e+00,7.162092063661919250e-02
2.105705705705705810e+00,7.176456103185108182e-02
2.107707707707707545e+00,7.187663943749045270e-02
2.109709709709709724e+00,7.198190832641485071e-02
2.111711711711711903e+00,7.207157571398192797e-02
2.113713713713713638e+00,7.223311390310602209e-02
2.115715715715715817e+00,7.242853141625386904e-02
2.117717717717717552e+00,7.261890103819709785e-02
2.119719719719719730e+00,7.283452088405129032e-02
2.121721721721721909e+00,7.303717465447581714e-02
2.123723723723723644e+00,7.323712551804745230e-02
2.125725725725725823e+00,7.344975147607665789e-02
2.127727727727727558e+00,7.362542653949821769e-02
2.129729729729729737e+00,7.378472978717839914e-02
2.131731731731731916e+00,7.390536163686470261e-02
2.133733733733733651e+00,7.405365932237294169e-02
2.135735735735735830e+00,7.419638304677761420e-02
2.137737737737737564e+00,7.432809810236701287e-02
2.139739739739739743e+00,7.446933604230716874e-02
2.141741741741741922e+00,7.456208525475492566e-02
2.143743743743743657e+00,7.470484946302184681e-02
2.145745745745745836e+00,7.485861643500504869e-02
2.147747747747747571e+00,7.502428453093634708e-02
2.149749749749749750e+00,7.520231151590443808e-02
2.151751751751751929e+00,7.533853893795133816e-02
2.153753753753753664e+00,7.545498605217286492e-02
2.155755755755755843e+00,7.559882642413204290e-02
2.157757757757757577e+00,7.572759119624708490e-02
2.159759759759759756e+00,7.582995323217769923e-02
2.161761761761761935e+00,7.593876784402270319e-02
2.163763763763763670e+00,7.606307642100480770e-02
2.165765765765765849e+00,7.619444747982022370e-02
2.167767767767767584e+00,7.634250637259662464e-02
2.169769769769769763e+00,7.648569710702925184e-02
2.171771771771771942e+00,7.661625223893608894e-02
2.173773773773773677e+00,7.675843152870047426e-02
2.175775775775775855e+00,7.688316456226304552e-02
2.177777777777777590e+00,7.694704214898534511e-02
2.179779779779779769e+00,7.702410540106256753e-02
2.181781781781781948e+00,7.709711325272076976e-02
2.183783783783783683e+00,7.716091810871156254e-02
2.185785785785785862e+00,7.726387291243456967e-02
2.187787787787787597e+00,7.742290154345488062e-02
2.189789789789789776e+00,7.759582671147832733e-02
2.191791791791791955e+00,7.776129243031679183e-02
2.193793793793793689e+00,7.790926715293572391e-02
2.195795795795795868e+00,7.800511825397958565e-02
2.197797797797797603e+00,7.804335971730561039e-02
2.199799799799799782e+00,7.805232604943058983e-02
2.201801801801801961e+00,7.804598131290658991e-02
2.203803803803803696e+00,7.802661701174275211e-02
2.205805805805805875e+00,7.804673693257373202e-02
2.207807807807807610e+00,7.812343396645363147e-02
2.209809809809809789e+00,7.826768785201243528e-02
2.211811811811811967e+00,7.842843523696474417e-02
2.213813813813813702e+00,7.858185699801173429e-02
2.215815815815815881e+00,7.867113858524527048e-02
2.217817817817817616e+00,7.873108312732848835e-02
2.219819819819819795e+00,7.876280040912138347e-02
2.221821821821821974e+00,7.876157206968670277e-02
2.223823823823823709e+00,7.870963591577602447e-02
2.225825825825825888e+00,7.865345326866404752e-02
2.227827827827827623e+00,7.859964221365839387e-02
2.229829829829829801e+00,7.852381783717241048e-02
2.231831831831831980e+00,7.843120037211162576e-02
2.233833833833833715e+00,7.830311454178563724e-02
2.235835835835835894e+00,7.816679419356353797e-02
2.237837837837837629e+00,7.797378431410113830e-02
2.239839839839839808e+00,7.775453377579363834e-02
2.241841841841841987e+00,7.752185706830494460e-02
2.243843843843843722e+00,7.729771812703832568e-02
2.245845845845845901e+00,7.703574296699730595e-02
2.247847847847847635e+00,7.677115616514224028e-02
2.249849849849849814e+00,7.652624003123853491e-02
2.251851851851851993e+00,7.629150855439295609e-02
2.253853853853853728e+00,7.603864869021231820e-02
2.255855855855855907e+00,7.576323458212776141e-02
2.257857857857857642e+00,7.548371685348669036e-02
2.259859859859859821e+00,7.517586355542962839e-02
2.261861861861862000e+00,7.489561723384126346e-02
2.263863863863863735e+00,7.460212724835392495e-02
2.265865865865865914e+00,7.434588364415682660e-02
2.267867867867868092e+00,7.410742882549123389e-02
2.269869869869869827e+00,7.388900623189781358e-02
2.271871871871872006e+00,7.367859400035581263e-02
2.273873873873873741e+00,7.351336464689686712e-02
2.275875875875875920e+00,7.336390518933810778e-02
2.277877877877878099e+00,7.322207167561473051e-02
2.279879879879879834e+00,7.308033542353198353e-02
2.281881881881882013e+00,7.295266745865118529e-02
2.283883883883883748e+00,7.286766522768051146e-02
2.285885885885885926e+00,7.278158697277722911e-02
2.287887887887888105e+00,7.267964451056431463e-02
2.289889889889889840e+00,7.256142266035414679e-02
2.291891891891892019e+00,7.242958068133752147e-02
2.293893893893893754e+00,7.225520452653644288e-02
2.295895895895895933e+00,7.201632184152866045e-02
2.297897897897898112e+00,7.175875172212439757e-02
2.299899899899899847e+00,7.150973989026894462e-02
2.301901901901902026e+00,7.122915281470984517e-02
2.303903903903903760e+00,7.094173496796418732e-02
2.305905905905905939e+00,7.069556785110570063e-02
2.307907907907908118e+00,7.049017261113975363e-02
2.309909909909909853e+00,7.031972833986342708e-02
2.311911911911912032e+00,7.014659828075339720e-02
2.313913913913913767e+00,7.004512700197454422e-02
2.315915915915915946e+00,6.996272846573624304e-02
2.317917917917918125e+00,6.992164561858525695e-02
2.319919919919919860e+00,6.988984712835066837e-02
2.321921921921922038e+00,6.985231986904923140e-02
2.323923923923923773e+00,6.976908489141650516e-02
2.325925925925925952e+00,6.966926302862913589e-02
2.327927927927928131e+00,6.956066231622709539e-02
2.329929929929929866e+00,6.943572728149141615e-02
2.331931931931932045e+00,6.929391693149021536e-02
2.333933933933933780e+00,6.913435585737433275e-02
2.335935935935935959e+00,6.895139828075752542e-02
2.337937937937938138e+00,6.878534037765732245e-02
2.339939939939939872e+00,6.859507611850060305e-02
2.341941941941942051e+00,6.840814312759649352e-02
2.343943943943943786e+00,6.822427187306071006e-02
2.345945945945945965e+00,6.802041437851399919e-02
2.347947947947948144e+00,6.780921355287410079e-02
2.349949949949949879e+00,6.762957976852435049e-02
2.351951951951952058e+00,6.745609999033613802e-02
2.353953953953953793e+00,6.732991197610571632e-02
2.355955955955955972e+00,6.727857111848103977e-02
2.357957957957958151e+00,6.727677834227463460e-02
2.359959959959959885e+00,6.730004076198364826e-02
2.361961961961962064e+00,6.731839921988722053e-02
2.363963963963963799e+00,6.729326196447464603e-02
2.365965965965965978e+00,6.724029642983048172e-02
2.367967967967968157e+00,6.714760888799282956e-02
2.369969969969969892e+00,6.696081078798488129e-02
2.371971971971972071e+00,6.677103289385571960e-02
2.373973973973973806e+00,6.664826719028094093e-02
2.375975975975975985e+00,6.652636005415496490e-02
2.377977977977978163e+00,6.638451195034190955e-02
2.379979979979979898e+00,6.617806188386425592e-02
2.381981981981982077e+00,6.598063675707888098e-02
2.383983983983983812e+00,6.574010636200776359e-02
2.385985985985985991e+00,6.557280468992535138e-02
2.387987987987988170e+00,6.540602581513799141e-02
2.389989989989989905e+00,6.529841216408004134e-02
2.391991991991992084e+00,6.520920373462110731e-02
2.393993993993993818e+00,6.511636985159058311e-02
2.395995995995995997e+00,6.502129571414172471e-02
2.397997997997998176e+00,6.487431760252096447e-02
2.399999999999999911e+00,6.470354831038427346e-02
